<?xml  version='1.0' encoding='windows-1252' ?>
<bpmn:definitions xmlns:bpmn="http://www.omg.org/spec/BPMN/20100524/MODEL" id="EAPK_5CCA5999_F74A_4ace_8307_1D11AEB198B4" targetNamespace="www.sparxsystems.com.au/bpmn20" xmlns:ssbp="www.sparxsystems.com.au/bpmn20" xmlns:xsi="http://www.w3.org/2001/XMLSchema-instance" xmlns:di="http://www.omg.org/spec/DD/20100524/DI" xmlns:dc="http://www.omg.org/spec/DD/20100524/DC" xmlns:bpmndi="http://www.omg.org/spec/BPMN/20100524/DI" exporter="Enterprise Architect" exporterVersion="16.1.1624" name="Starter Process Diagram">
	<bpmn:process id="EAID_7097A04D_2C07_42ff_90E3_14581CA2BD0E" name="Developer" isClosed="false" processType="None">
		<bpmn:exclusiveGateway id="EAID_A617D308_7E18_4e24_8033_8D6259D3BFAD" gatewayDirection="Unspecified">
			<bpmn:incoming>EAID_220EE1D8_174C_42f6_B5D4_3894338C108C</bpmn:incoming>
			<bpmn:outgoing>EAID_B81B8D44_298C_4cea_A264_7A0198F50383</bpmn:outgoing>
			<bpmn:outgoing>EAID_38B97503_DCE4_4760_B838_A5DB93B924FC</bpmn:outgoing>
		</bpmn:exclusiveGateway>
		<bpmn:exclusiveGateway id="EAID_9D7E9F21_55F1_4209_91EC_295F48A180FA" gatewayDirection="Unspecified">
			<bpmn:incoming>EAID_C88EF001_6364_4021_8712_026D84AFFFE7</bpmn:incoming>
			<bpmn:outgoing>EAID_3624E256_1BC8_42eb_A8B1_3CB6423247A6</bpmn:outgoing>
			<bpmn:outgoing>EAID_287B3C8B_D6C0_4cfc_90B3_9E9B39728C09</bpmn:outgoing>
		</bpmn:exclusiveGateway>
		<bpmn:parallelGateway id="EAID_944A08BE_B0B1_4c2a_B798_4BB70F7C30FE" gatewayDirection="Unspecified">
			<bpmn:incoming>EAID_733CA136_A34B_45a9_9B88_C8155692BDAD</bpmn:incoming>
			<bpmn:incoming>EAID_982A9631_0788_4fa6_B29D_FDCF3F683D3A</bpmn:incoming>
			<bpmn:incoming>EAID_D3963766_238A_4a70_B561_4C2ADB3FC0DA</bpmn:incoming>
			<bpmn:outgoing>EAID_F84D74F5_ABB3_4af6_BB9E_BE31F9990001</bpmn:outgoing>
		</bpmn:parallelGateway>
		<bpmn:parallelGateway id="EAID_F2BA239B_E8C7_469f_82A8_3A62A13645B1" gatewayDirection="Unspecified">
			<bpmn:incoming>EAID_657858B6_8479_4717_A772_442DFACDD17B</bpmn:incoming>
			<bpmn:outgoing>EAID_0656DAC3_90D4_4e73_BC92_7A882B3F8C81</bpmn:outgoing>
			<bpmn:outgoing>EAID_9EE0D094_C618_42e0_81F0_2CB10D22D9D7</bpmn:outgoing>
			<bpmn:outgoing>EAID_CAAD185E_6746_476c_B1CC_9F7CEAE4A72B</bpmn:outgoing>
		</bpmn:parallelGateway>
		<bpmn:startEvent id="EAID_8A97C070_F648_410a_A6FD_03085D667C9B" name="Start DEV" isInterrupting="true" parallelMultiple="false">
			<bpmn:outgoing>EAID_89BA3B59_DAE2_461b_B675_499773040718</bpmn:outgoing>
		</bpmn:startEvent>
		<bpmn:intermediateThrowEvent id="EAID_F05B26E1_160F_47c8_893C_C600C20A73F1" name="Int RQ">
			<bpmn:incoming>EAID_77EE3856_13B8_4898_826B_3AF2D9C0F240</bpmn:incoming>
			<bpmn:outgoing>EAID_4EFAD443_25D0_465f_A718_3A4852785C88</bpmn:outgoing>
		</bpmn:intermediateThrowEvent>
		<bpmn:intermediateThrowEvent id="EAID_FD9D1F25_17A2_483f_B417_7AC41CD694A8" name="Int DT">
			<bpmn:incoming>EAID_786109B0_7538_4877_9C9A_03027CD6987F</bpmn:incoming>
			<bpmn:outgoing>EAID_963BBF82_D83A_48a2_9D24_5740406AA316</bpmn:outgoing>
		</bpmn:intermediateThrowEvent>
		<bpmn:intermediateThrowEvent id="EAID_7F3CD6A5_87D4_4118_AD6C_C346C848ED59" name="Int CAD">
			<bpmn:incoming>EAID_9346A126_D8C2_4518_AD48_6D7EE95F4FCC</bpmn:incoming>
			<bpmn:outgoing>EAID_E5DDAED8_E030_4f46_BA9F_E3836D3FC28E</bpmn:outgoing>
		</bpmn:intermediateThrowEvent>
		<bpmn:endEvent id="EAID_B2DFA37E_4073_4a10_A8CF_04C339B98955" name="End DEV">
			<bpmn:incoming>EAID_B81B8D44_298C_4cea_A264_7A0198F50383</bpmn:incoming>
		</bpmn:endEvent>
		<bpmn:sequenceFlow id="EAID_B81B8D44_298C_4cea_A264_7A0198F50383" name="0.5" sourceRef="EAID_A617D308_7E18_4e24_8033_8D6259D3BFAD" targetRef="EAID_B2DFA37E_4073_4a10_A8CF_04C339B98955"/>
		<bpmn:task id="EAID_C95F3911_E04D_4194_8343_87A390EA3660" name="Setting project plan" startQuantity="1" completionQuantity="1" isForCompensation="false">
			<bpmn:incoming>EAID_F84D74F5_ABB3_4af6_BB9E_BE31F9990001</bpmn:incoming>
			<bpmn:outgoing>EAID_C88EF001_6364_4021_8712_026D84AFFFE7</bpmn:outgoing>
		</bpmn:task>
		<bpmn:sequenceFlow id="EAID_C88EF001_6364_4021_8712_026D84AFFFE7" sourceRef="EAID_C95F3911_E04D_4194_8343_87A390EA3660" targetRef="EAID_9D7E9F21_55F1_4209_91EC_295F48A180FA"/>
		<bpmn:sequenceFlow id="EAID_F84D74F5_ABB3_4af6_BB9E_BE31F9990001" sourceRef="EAID_944A08BE_B0B1_4c2a_B798_4BB70F7C30FE" targetRef="EAID_C95F3911_E04D_4194_8343_87A390EA3660"/>
		<bpmn:task id="EAID_04DE58C3_F16B_4d20_AD9C_BC3B8D02D755" name="Receiving requirements specification" startQuantity="1" completionQuantity="1" isForCompensation="false">
			<bpmn:incoming>EAID_4EFAD443_25D0_465f_A718_3A4852785C88</bpmn:incoming>
			<bpmn:incoming>EAID_3624E256_1BC8_42eb_A8B1_3CB6423247A6</bpmn:incoming>
			<bpmn:outgoing>EAID_657858B6_8479_4717_A772_442DFACDD17B</bpmn:outgoing>
		</bpmn:task>
		<bpmn:sequenceFlow id="EAID_657858B6_8479_4717_A772_442DFACDD17B" sourceRef="EAID_04DE58C3_F16B_4d20_AD9C_BC3B8D02D755" targetRef="EAID_F2BA239B_E8C7_469f_82A8_3A62A13645B1"/>
		<bpmn:sequenceFlow id="EAID_3624E256_1BC8_42eb_A8B1_3CB6423247A6" name="0.5" sourceRef="EAID_9D7E9F21_55F1_4209_91EC_295F48A180FA" targetRef="EAID_04DE58C3_F16B_4d20_AD9C_BC3B8D02D755"/>
		<bpmn:sequenceFlow id="EAID_4EFAD443_25D0_465f_A718_3A4852785C88" sourceRef="EAID_F05B26E1_160F_47c8_893C_C600C20A73F1" targetRef="EAID_04DE58C3_F16B_4d20_AD9C_BC3B8D02D755"/>
		<bpmn:task id="EAID_ED79EF81_8435_40d6_8FF2_553B26DF7DC2" name="Ready" startQuantity="1" completionQuantity="1" isForCompensation="false">
			<bpmn:incoming>EAID_89BA3B59_DAE2_461b_B675_499773040718</bpmn:incoming>
			<bpmn:outgoing>EAID_77EE3856_13B8_4898_826B_3AF2D9C0F240</bpmn:outgoing>
		</bpmn:task>
		<bpmn:sequenceFlow id="EAID_77EE3856_13B8_4898_826B_3AF2D9C0F240" sourceRef="EAID_ED79EF81_8435_40d6_8FF2_553B26DF7DC2" targetRef="EAID_F05B26E1_160F_47c8_893C_C600C20A73F1"/>
		<bpmn:sequenceFlow id="EAID_89BA3B59_DAE2_461b_B675_499773040718" sourceRef="EAID_8A97C070_F648_410a_A6FD_03085D667C9B" targetRef="EAID_ED79EF81_8435_40d6_8FF2_553B26DF7DC2"/>
		<bpmn:task id="EAID_5B17B256_AD92_4f71_9657_1B87AE425A4E" name="Proving test results" startQuantity="1" completionQuantity="1" isForCompensation="false">
			<bpmn:incoming>EAID_963BBF82_D83A_48a2_9D24_5740406AA316</bpmn:incoming>
			<bpmn:outgoing>EAID_220EE1D8_174C_42f6_B5D4_3894338C108C</bpmn:outgoing>
		</bpmn:task>
		<bpmn:sequenceFlow id="EAID_220EE1D8_174C_42f6_B5D4_3894338C108C" sourceRef="EAID_5B17B256_AD92_4f71_9657_1B87AE425A4E" targetRef="EAID_A617D308_7E18_4e24_8033_8D6259D3BFAD"/>
		<bpmn:sequenceFlow id="EAID_963BBF82_D83A_48a2_9D24_5740406AA316" sourceRef="EAID_FD9D1F25_17A2_483f_B417_7AC41CD694A8" targetRef="EAID_5B17B256_AD92_4f71_9657_1B87AE425A4E"/>
		<bpmn:task id="EAID_483FA137_2973_45ed_A092_85E91BF512C2" name="Preparing for FEM engineer" startQuantity="1" completionQuantity="1" isForCompensation="false">
			<bpmn:incoming>EAID_CAAD185E_6746_476c_B1CC_9F7CEAE4A72B</bpmn:incoming>
			<bpmn:outgoing>EAID_D3963766_238A_4a70_B561_4C2ADB3FC0DA</bpmn:outgoing>
		</bpmn:task>
		<bpmn:sequenceFlow id="EAID_D3963766_238A_4a70_B561_4C2ADB3FC0DA" sourceRef="EAID_483FA137_2973_45ed_A092_85E91BF512C2" targetRef="EAID_944A08BE_B0B1_4c2a_B798_4BB70F7C30FE"/>
		<bpmn:sequenceFlow id="EAID_CAAD185E_6746_476c_B1CC_9F7CEAE4A72B" sourceRef="EAID_F2BA239B_E8C7_469f_82A8_3A62A13645B1" targetRef="EAID_483FA137_2973_45ed_A092_85E91BF512C2"/>
		<bpmn:task id="EAID_44755351_1005_4723_884C_AFEE0F832EAE" name="Preparing for CFD engineer" startQuantity="1" completionQuantity="1" isForCompensation="false">
			<bpmn:incoming>EAID_9EE0D094_C618_42e0_81F0_2CB10D22D9D7</bpmn:incoming>
			<bpmn:outgoing>EAID_982A9631_0788_4fa6_B29D_FDCF3F683D3A</bpmn:outgoing>
		</bpmn:task>
		<bpmn:sequenceFlow id="EAID_982A9631_0788_4fa6_B29D_FDCF3F683D3A" sourceRef="EAID_44755351_1005_4723_884C_AFEE0F832EAE" targetRef="EAID_944A08BE_B0B1_4c2a_B798_4BB70F7C30FE"/>
		<bpmn:sequenceFlow id="EAID_9EE0D094_C618_42e0_81F0_2CB10D22D9D7" sourceRef="EAID_F2BA239B_E8C7_469f_82A8_3A62A13645B1" targetRef="EAID_44755351_1005_4723_884C_AFEE0F832EAE"/>
		<bpmn:task id="EAID_DC763283_8929_4548_8FD8_9A18563319F6" name="Preparing for CAD designer" startQuantity="1" completionQuantity="1" isForCompensation="false">
			<bpmn:incoming>EAID_0656DAC3_90D4_4e73_BC92_7A882B3F8C81</bpmn:incoming>
			<bpmn:outgoing>EAID_733CA136_A34B_45a9_9B88_C8155692BDAD</bpmn:outgoing>
		</bpmn:task>
		<bpmn:sequenceFlow id="EAID_733CA136_A34B_45a9_9B88_C8155692BDAD" sourceRef="EAID_DC763283_8929_4548_8FD8_9A18563319F6" targetRef="EAID_944A08BE_B0B1_4c2a_B798_4BB70F7C30FE"/>
		<bpmn:sequenceFlow id="EAID_0656DAC3_90D4_4e73_BC92_7A882B3F8C81" sourceRef="EAID_F2BA239B_E8C7_469f_82A8_3A62A13645B1" targetRef="EAID_DC763283_8929_4548_8FD8_9A18563319F6"/>
		<bpmn:task id="EAID_89221DBA_1543_4046_816A_B126E58CE11F" name="Finishing component / system" startQuantity="1" completionQuantity="1" isForCompensation="false">
			<bpmn:incoming>EAID_E5DDAED8_E030_4f46_BA9F_E3836D3FC28E</bpmn:incoming>
			<bpmn:incoming>EAID_38B97503_DCE4_4760_B838_A5DB93B924FC</bpmn:incoming>
			<bpmn:outgoing>EAID_1BB36727_50FB_4bb2_B7B8_39E2AF9A597B</bpmn:outgoing>
		</bpmn:task>
		<bpmn:sequenceFlow id="EAID_38B97503_DCE4_4760_B838_A5DB93B924FC" name="0.5" sourceRef="EAID_A617D308_7E18_4e24_8033_8D6259D3BFAD" targetRef="EAID_89221DBA_1543_4046_816A_B126E58CE11F"/>
		<bpmn:sequenceFlow id="EAID_E5DDAED8_E030_4f46_BA9F_E3836D3FC28E" sourceRef="EAID_7F3CD6A5_87D4_4118_AD6C_C346C848ED59" targetRef="EAID_89221DBA_1543_4046_816A_B126E58CE11F"/>
		<bpmn:task id="EAID_9C653A3F_1089_4e26_87F1_C5B4947C2B68" name="creating test specification for component / system" startQuantity="1" completionQuantity="1" isForCompensation="false">
			<bpmn:incoming>EAID_1BB36727_50FB_4bb2_B7B8_39E2AF9A597B</bpmn:incoming>
			<bpmn:outgoing>EAID_786109B0_7538_4877_9C9A_03027CD6987F</bpmn:outgoing>
		</bpmn:task>
		<bpmn:sequenceFlow id="EAID_786109B0_7538_4877_9C9A_03027CD6987F" sourceRef="EAID_9C653A3F_1089_4e26_87F1_C5B4947C2B68" targetRef="EAID_FD9D1F25_17A2_483f_B417_7AC41CD694A8"/>
		<bpmn:sequenceFlow id="EAID_1BB36727_50FB_4bb2_B7B8_39E2AF9A597B" sourceRef="EAID_89221DBA_1543_4046_816A_B126E58CE11F" targetRef="EAID_9C653A3F_1089_4e26_87F1_C5B4947C2B68"/>
		<bpmn:task id="EAID_492610ED_CE82_4218_AC15_88DEB9F9E10B" name="Communication to CAD, FEM, CFD department and splitting tasks" startQuantity="1" completionQuantity="1" isForCompensation="false">
			<bpmn:incoming>EAID_287B3C8B_D6C0_4cfc_90B3_9E9B39728C09</bpmn:incoming>
			<bpmn:outgoing>EAID_9346A126_D8C2_4518_AD48_6D7EE95F4FCC</bpmn:outgoing>
		</bpmn:task>
		<bpmn:sequenceFlow id="EAID_9346A126_D8C2_4518_AD48_6D7EE95F4FCC" sourceRef="EAID_492610ED_CE82_4218_AC15_88DEB9F9E10B" targetRef="EAID_7F3CD6A5_87D4_4118_AD6C_C346C848ED59"/>
		<bpmn:sequenceFlow id="EAID_287B3C8B_D6C0_4cfc_90B3_9E9B39728C09" name="0.5" sourceRef="EAID_9D7E9F21_55F1_4209_91EC_295F48A180FA" targetRef="EAID_492610ED_CE82_4218_AC15_88DEB9F9E10B"/>
	</bpmn:process>
	<bpmn:process id="EAID_2585A61F_403D_4322_BCCA_0F8891B8DF75" name="Requirement Engineer" isClosed="false" processType="None">
		<bpmn:exclusiveGateway id="EAID_9C867D92_DB84_442f_965D_7FA43EA68304" gatewayDirection="Unspecified">
			<bpmn:incoming>EAID_C55C76C6_84F6_4428_A84B_2CD5FA94A85C</bpmn:incoming>
			<bpmn:outgoing>EAID_AF89CE3C_03D7_4c57_80FA_F8E2E1BC7151</bpmn:outgoing>
			<bpmn:outgoing>EAID_6C895E28_56B1_4e27_9D8B_83C042732BBD</bpmn:outgoing>
		</bpmn:exclusiveGateway>
		<bpmn:exclusiveGateway id="EAID_C2378CB3_C60D_469f_B47D_3578B24D9C83" gatewayDirection="Unspecified">
			<bpmn:incoming>EAID_72621E54_1322_4c22_96EA_EC7470C0985C</bpmn:incoming>
			<bpmn:outgoing>EAID_8D062182_C5F5_4526_87FC_E1B8BFDB7FD6</bpmn:outgoing>
			<bpmn:outgoing>EAID_13103B91_94A6_4df3_91B2_15DC6330FF98</bpmn:outgoing>
		</bpmn:exclusiveGateway>
		<bpmn:parallelGateway id="EAID_5F7FB316_DA0A_4fc4_95BC_5DE3E7FB35D6" gatewayDirection="Unspecified">
			<bpmn:incoming>EAID_127AE29C_A53C_4a47_BF60_EA712A7B39AB</bpmn:incoming>
			<bpmn:incoming>EAID_0191AB5A_7709_4ce3_A16C_166F575D9A6A</bpmn:incoming>
			<bpmn:incoming>EAID_31A5650E_8025_47b1_B7A7_8B1BFCEC5644</bpmn:incoming>
			<bpmn:outgoing>EAID_D2DDCC09_D526_4ef7_91A3_E1E85C5814CA</bpmn:outgoing>
		</bpmn:parallelGateway>
		<bpmn:parallelGateway id="EAID_4A60C36A_598E_4789_85D6_18C471706D4F" gatewayDirection="Unspecified">
			<bpmn:incoming>EAID_2CA6B7A2_92B1_4e8c_88FA_A5FEC3BBEFE7</bpmn:incoming>
			<bpmn:outgoing>EAID_2C17EF09_6908_4e46_901D_366CC6A0116D</bpmn:outgoing>
			<bpmn:outgoing>EAID_14F58D20_71CE_40d8_BFD7_F056B979A369</bpmn:outgoing>
			<bpmn:outgoing>EAID_E8B3AA37_830D_4327_A2C6_3DA9C30E62E8</bpmn:outgoing>
		</bpmn:parallelGateway>
		<bpmn:startEvent id="EAID_BBB53162_95A7_4d19_9819_2B30BA4847EB" name="Start ST" isInterrupting="true" parallelMultiple="false">
			<bpmn:outgoing>EAID_1AD87E5A_383E_4540_B7CC_CB5F3BA7AFE1</bpmn:outgoing>
		</bpmn:startEvent>
		<bpmn:intermediateThrowEvent id="EAID_5D12F285_7A3C_477a_963F_8C5DE3D7D773" name="Int RQ">
			<bpmn:incoming>EAID_76711AC6_F701_4900_8510_E26B6FDFDEF5</bpmn:incoming>
			<bpmn:outgoing>EAID_97D84A43_DE66_48da_A44B_99887C42A057</bpmn:outgoing>
		</bpmn:intermediateThrowEvent>
		<bpmn:intermediateThrowEvent id="EAID_F1DD557D_25D0_4178_89F6_9DD14E2C2894" name="Int PI">
			<bpmn:incoming>EAID_4A08CDCC_E003_4654_8D9D_13F376457D76</bpmn:incoming>
			<bpmn:outgoing>EAID_6659A812_908D_4d92_8A46_6472B705D91C</bpmn:outgoing>
		</bpmn:intermediateThrowEvent>
		<bpmn:endEvent id="EAID_7BC386B2_B835_4ca0_A88D_B972C7AA9B5D" name="End RQ">
			<bpmn:incoming>EAID_9669158A_381C_4dcd_806B_F274D4B7E64A</bpmn:incoming>
		</bpmn:endEvent>
		<bpmn:task id="EAID_86B96386_5E4F_42f0_931D_BE65C2E54D67" name="Take decision" startQuantity="1" completionQuantity="1" isForCompensation="false">
			<bpmn:incoming>EAID_D2DDCC09_D526_4ef7_91A3_E1E85C5814CA</bpmn:incoming>
			<bpmn:outgoing>EAID_72621E54_1322_4c22_96EA_EC7470C0985C</bpmn:outgoing>
		</bpmn:task>
		<bpmn:sequenceFlow id="EAID_72621E54_1322_4c22_96EA_EC7470C0985C" sourceRef="EAID_86B96386_5E4F_42f0_931D_BE65C2E54D67" targetRef="EAID_C2378CB3_C60D_469f_B47D_3578B24D9C83"/>
		<bpmn:sequenceFlow id="EAID_D2DDCC09_D526_4ef7_91A3_E1E85C5814CA" sourceRef="EAID_5F7FB316_DA0A_4fc4_95BC_5DE3E7FB35D6" targetRef="EAID_86B96386_5E4F_42f0_931D_BE65C2E54D67"/>
		<bpmn:task id="EAID_4F2CA716_A3D4_4efa_AEDE_546A3C50739F" name="Setting requirements" startQuantity="1" completionQuantity="1" isForCompensation="false">
			<bpmn:incoming>EAID_8D062182_C5F5_4526_87FC_E1B8BFDB7FD6</bpmn:incoming>
			<bpmn:incoming>EAID_58EDB58A_A591_46d4_917A_999DF39AC42D</bpmn:incoming>
			<bpmn:outgoing>EAID_76711AC6_F701_4900_8510_E26B6FDFDEF5</bpmn:outgoing>
		</bpmn:task>
		<bpmn:sequenceFlow id="EAID_76711AC6_F701_4900_8510_E26B6FDFDEF5" sourceRef="EAID_4F2CA716_A3D4_4efa_AEDE_546A3C50739F" targetRef="EAID_5D12F285_7A3C_477a_963F_8C5DE3D7D773"/>
		<bpmn:sequenceFlow id="EAID_8D062182_C5F5_4526_87FC_E1B8BFDB7FD6" name="0.5" sourceRef="EAID_C2378CB3_C60D_469f_B47D_3578B24D9C83" targetRef="EAID_4F2CA716_A3D4_4efa_AEDE_546A3C50739F"/>
		<bpmn:task id="EAID_3B4A90C6_87C2_453d_8FA2_0A236D91B870" name="Release" startQuantity="1" completionQuantity="1" isForCompensation="false">
			<bpmn:incoming>EAID_6C895E28_56B1_4e27_9D8B_83C042732BBD</bpmn:incoming>
			<bpmn:outgoing>EAID_9669158A_381C_4dcd_806B_F274D4B7E64A</bpmn:outgoing>
		</bpmn:task>
		<bpmn:sequenceFlow id="EAID_9669158A_381C_4dcd_806B_F274D4B7E64A" sourceRef="EAID_3B4A90C6_87C2_453d_8FA2_0A236D91B870" targetRef="EAID_7BC386B2_B835_4ca0_A88D_B972C7AA9B5D"/>
		<bpmn:sequenceFlow id="EAID_6C895E28_56B1_4e27_9D8B_83C042732BBD" name="0.5" sourceRef="EAID_9C867D92_DB84_442f_965D_7FA43EA68304" targetRef="EAID_3B4A90C6_87C2_453d_8FA2_0A236D91B870"/>
		<bpmn:task id="EAID_559BBC15_5F2E_4c55_94BB_D05F5661E84F" name="Receiving product idea" startQuantity="1" completionQuantity="1" isForCompensation="false">
			<bpmn:incoming>EAID_6659A812_908D_4d92_8A46_6472B705D91C</bpmn:incoming>
			<bpmn:outgoing>EAID_2CA6B7A2_92B1_4e8c_88FA_A5FEC3BBEFE7</bpmn:outgoing>
		</bpmn:task>
		<bpmn:sequenceFlow id="EAID_2CA6B7A2_92B1_4e8c_88FA_A5FEC3BBEFE7" sourceRef="EAID_559BBC15_5F2E_4c55_94BB_D05F5661E84F" targetRef="EAID_4A60C36A_598E_4789_85D6_18C471706D4F"/>
		<bpmn:sequenceFlow id="EAID_6659A812_908D_4d92_8A46_6472B705D91C" sourceRef="EAID_F1DD557D_25D0_4178_89F6_9DD14E2C2894" targetRef="EAID_559BBC15_5F2E_4c55_94BB_D05F5661E84F"/>
		<bpmn:task id="EAID_CA06579D_D08A_4a04_8C43_2767780FDA26" name="ready" startQuantity="1" completionQuantity="1" isForCompensation="false">
			<bpmn:incoming>EAID_1AD87E5A_383E_4540_B7CC_CB5F3BA7AFE1</bpmn:incoming>
			<bpmn:outgoing>EAID_4A08CDCC_E003_4654_8D9D_13F376457D76</bpmn:outgoing>
		</bpmn:task>
		<bpmn:sequenceFlow id="EAID_4A08CDCC_E003_4654_8D9D_13F376457D76" sourceRef="EAID_CA06579D_D08A_4a04_8C43_2767780FDA26" targetRef="EAID_F1DD557D_25D0_4178_89F6_9DD14E2C2894"/>
		<bpmn:sequenceFlow id="EAID_1AD87E5A_383E_4540_B7CC_CB5F3BA7AFE1" sourceRef="EAID_BBB53162_95A7_4d19_9819_2B30BA4847EB" targetRef="EAID_CA06579D_D08A_4a04_8C43_2767780FDA26"/>
		<bpmn:task id="EAID_445E2B12_731B_432d_8DA7_F94BC485B834" name="Preparing for requirement specification" startQuantity="1" completionQuantity="1" isForCompensation="false">
			<bpmn:incoming>EAID_6A93AF77_BE5D_4a77_84BC_225E9C9950A3</bpmn:incoming>
			<bpmn:outgoing>EAID_B7CBD39F_0FDE_4220_84FC_A98E16C7D836</bpmn:outgoing>
		</bpmn:task>
		<bpmn:task id="EAID_985A9DD2_9BE9_4cb4_98AF_EE48B3FF3245" name="Predevelopment check" startQuantity="1" completionQuantity="1" isForCompensation="false">
			<bpmn:incoming>EAID_E8B3AA37_830D_4327_A2C6_3DA9C30E62E8</bpmn:incoming>
			<bpmn:outgoing>EAID_31A5650E_8025_47b1_B7A7_8B1BFCEC5644</bpmn:outgoing>
		</bpmn:task>
		<bpmn:sequenceFlow id="EAID_31A5650E_8025_47b1_B7A7_8B1BFCEC5644" sourceRef="EAID_985A9DD2_9BE9_4cb4_98AF_EE48B3FF3245" targetRef="EAID_5F7FB316_DA0A_4fc4_95BC_5DE3E7FB35D6"/>
		<bpmn:sequenceFlow id="EAID_E8B3AA37_830D_4327_A2C6_3DA9C30E62E8" sourceRef="EAID_4A60C36A_598E_4789_85D6_18C471706D4F" targetRef="EAID_985A9DD2_9BE9_4cb4_98AF_EE48B3FF3245"/>
		<bpmn:task id="EAID_3986FD63_5432_42eb_BA6A_F8D8909E180E" name="Plausibility check" startQuantity="1" completionQuantity="1" isForCompensation="false">
			<bpmn:incoming>EAID_2C17EF09_6908_4e46_901D_366CC6A0116D</bpmn:incoming>
			<bpmn:outgoing>EAID_127AE29C_A53C_4a47_BF60_EA712A7B39AB</bpmn:outgoing>
		</bpmn:task>
		<bpmn:sequenceFlow id="EAID_127AE29C_A53C_4a47_BF60_EA712A7B39AB" sourceRef="EAID_3986FD63_5432_42eb_BA6A_F8D8909E180E" targetRef="EAID_5F7FB316_DA0A_4fc4_95BC_5DE3E7FB35D6"/>
		<bpmn:sequenceFlow id="EAID_2C17EF09_6908_4e46_901D_366CC6A0116D" sourceRef="EAID_4A60C36A_598E_4789_85D6_18C471706D4F" targetRef="EAID_3986FD63_5432_42eb_BA6A_F8D8909E180E"/>
		<bpmn:task id="EAID_ED6BB30C_7526_4f80_BAF6_D15F29F8D3CB" name="Modifying product idea" startQuantity="1" completionQuantity="1" isForCompensation="false">
			<bpmn:incoming>EAID_13103B91_94A6_4df3_91B2_15DC6330FF98</bpmn:incoming>
			<bpmn:outgoing>EAID_58EDB58A_A591_46d4_917A_999DF39AC42D</bpmn:outgoing>
		</bpmn:task>
		<bpmn:sequenceFlow id="EAID_58EDB58A_A591_46d4_917A_999DF39AC42D" sourceRef="EAID_ED6BB30C_7526_4f80_BAF6_D15F29F8D3CB" targetRef="EAID_4F2CA716_A3D4_4efa_AEDE_546A3C50739F"/>
		<bpmn:sequenceFlow id="EAID_13103B91_94A6_4df3_91B2_15DC6330FF98" name="0.5" sourceRef="EAID_C2378CB3_C60D_469f_B47D_3578B24D9C83" targetRef="EAID_ED6BB30C_7526_4f80_BAF6_D15F29F8D3CB"/>
		<bpmn:task id="EAID_1EEE370A_1DDA_4180_A8FE_E637BB6E9308" name="Creating requirement specification" startQuantity="1" completionQuantity="1" isForCompensation="false">
			<bpmn:incoming>EAID_B7CBD39F_0FDE_4220_84FC_A98E16C7D836</bpmn:incoming>
			<bpmn:outgoing>EAID_C55C76C6_84F6_4428_A84B_2CD5FA94A85C</bpmn:outgoing>
		</bpmn:task>
		<bpmn:sequenceFlow id="EAID_C55C76C6_84F6_4428_A84B_2CD5FA94A85C" sourceRef="EAID_1EEE370A_1DDA_4180_A8FE_E637BB6E9308" targetRef="EAID_9C867D92_DB84_442f_965D_7FA43EA68304"/>
		<bpmn:sequenceFlow id="EAID_B7CBD39F_0FDE_4220_84FC_A98E16C7D836" sourceRef="EAID_445E2B12_731B_432d_8DA7_F94BC485B834" targetRef="EAID_1EEE370A_1DDA_4180_A8FE_E637BB6E9308"/>
		<bpmn:task id="EAID_D0AD26F8_6783_4ba6_ABA0_9FB1FFD66681" name="Classify requirements" startQuantity="1" completionQuantity="1" isForCompensation="false">
			<bpmn:incoming>EAID_97D84A43_DE66_48da_A44B_99887C42A057</bpmn:incoming>
			<bpmn:incoming>EAID_AF89CE3C_03D7_4c57_80FA_F8E2E1BC7151</bpmn:incoming>
			<bpmn:outgoing>EAID_6A93AF77_BE5D_4a77_84BC_225E9C9950A3</bpmn:outgoing>
		</bpmn:task>
		<bpmn:sequenceFlow id="EAID_6A93AF77_BE5D_4a77_84BC_225E9C9950A3" sourceRef="EAID_D0AD26F8_6783_4ba6_ABA0_9FB1FFD66681" targetRef="EAID_445E2B12_731B_432d_8DA7_F94BC485B834"/>
		<bpmn:sequenceFlow id="EAID_AF89CE3C_03D7_4c57_80FA_F8E2E1BC7151" name="0.5" sourceRef="EAID_9C867D92_DB84_442f_965D_7FA43EA68304" targetRef="EAID_D0AD26F8_6783_4ba6_ABA0_9FB1FFD66681"/>
		<bpmn:sequenceFlow id="EAID_97D84A43_DE66_48da_A44B_99887C42A057" sourceRef="EAID_5D12F285_7A3C_477a_963F_8C5DE3D7D773" targetRef="EAID_D0AD26F8_6783_4ba6_ABA0_9FB1FFD66681"/>
		<bpmn:task id="EAID_7A4BB18C_0533_4b8a_88C8_369A88517A79" name="Capability check" startQuantity="1" completionQuantity="1" isForCompensation="false">
			<bpmn:incoming>EAID_14F58D20_71CE_40d8_BFD7_F056B979A369</bpmn:incoming>
			<bpmn:outgoing>EAID_0191AB5A_7709_4ce3_A16C_166F575D9A6A</bpmn:outgoing>
		</bpmn:task>
		<bpmn:sequenceFlow id="EAID_0191AB5A_7709_4ce3_A16C_166F575D9A6A" sourceRef="EAID_7A4BB18C_0533_4b8a_88C8_369A88517A79" targetRef="EAID_5F7FB316_DA0A_4fc4_95BC_5DE3E7FB35D6"/>
		<bpmn:sequenceFlow id="EAID_14F58D20_71CE_40d8_BFD7_F056B979A369" sourceRef="EAID_4A60C36A_598E_4789_85D6_18C471706D4F" targetRef="EAID_7A4BB18C_0533_4b8a_88C8_369A88517A79"/>
	</bpmn:process>
	<bpmn:process id="EAID_63DC836F_61A2_482c_B864_2FFB55751B17" name="Strategy" isClosed="false" processType="None">
		<bpmn:parallelGateway id="EAID_10B9E8FE_4A4F_4afa_82B9_102FE6CD1122" gatewayDirection="Unspecified">
			<bpmn:incoming>EAID_77091C3D_4D32_4828_A827_21A5D0E8FB55</bpmn:incoming>
			<bpmn:incoming>EAID_F03982B7_F34D_4a60_9D00_6D0B18961E25</bpmn:incoming>
			<bpmn:incoming>EAID_F28A72F9_22FC_4c5d_A540_37563B1602FD</bpmn:incoming>
			<bpmn:incoming>EAID_26145457_F0B0_4dcc_B5D2_AE67328113B5</bpmn:incoming>
			<bpmn:outgoing>EAID_67A26CED_E19F_4dcf_AEFF_950D678B21E9</bpmn:outgoing>
		</bpmn:parallelGateway>
		<bpmn:parallelGateway id="EAID_7892CF64_915C_43f7_9935_4E0EB2C30A3B" gatewayDirection="Unspecified">
			<bpmn:incoming>EAID_8D098487_995A_4c8c_85AC_69B397F2592E</bpmn:incoming>
			<bpmn:outgoing>EAID_A8FCD464_D887_4c83_B749_82802D6740E0</bpmn:outgoing>
			<bpmn:outgoing>EAID_12480D8E_C60A_4556_9F55_070B62EBEF38</bpmn:outgoing>
			<bpmn:outgoing>EAID_541D554D_186F_4ec0_B7F5_F0E7F7D86E15</bpmn:outgoing>
			<bpmn:outgoing>EAID_544938A2_A98A_44bc_98F2_9441008C082D</bpmn:outgoing>
		</bpmn:parallelGateway>
		<bpmn:exclusiveGateway id="EAID_04096521_1353_49bc_96E7_BBC5887B8A84" gatewayDirection="Unspecified">
			<bpmn:incoming>EAID_820EE82D_51AF_4a58_8691_7F0FCFE926E6</bpmn:incoming>
			<bpmn:outgoing>EAID_AFAA4127_1E29_42b2_BC3A_77A8C5726138</bpmn:outgoing>
			<bpmn:outgoing>EAID_8D098487_995A_4c8c_85AC_69B397F2592E</bpmn:outgoing>
		</bpmn:exclusiveGateway>
		<bpmn:sequenceFlow id="EAID_8D098487_995A_4c8c_85AC_69B397F2592E" name="0.5" sourceRef="EAID_04096521_1353_49bc_96E7_BBC5887B8A84" targetRef="EAID_7892CF64_915C_43f7_9935_4E0EB2C30A3B"/>
		<bpmn:parallelGateway id="EAID_4B736650_AA78_4768_9448_FBADF5740CA1" gatewayDirection="Unspecified">
			<bpmn:incoming>EAID_DA8659AE_AF08_4737_89BC_73FA72A4AE76</bpmn:incoming>
			<bpmn:incoming>EAID_23955D21_0C0F_448a_B273_1C3ABC04B178</bpmn:incoming>
			<bpmn:incoming>EAID_60A29B72_3C61_4bae_A857_4636AF0E8973</bpmn:incoming>
			<bpmn:outgoing>EAID_1918008E_EC62_4cdf_A115_5890CDEBE62F</bpmn:outgoing>
		</bpmn:parallelGateway>
		<bpmn:parallelGateway id="EAID_D636E882_2224_4421_A047_5D7FFA8E4666" gatewayDirection="Unspecified">
			<bpmn:incoming>EAID_4405981A_8B84_4d2f_95CA_710C1DFEED67</bpmn:incoming>
			<bpmn:outgoing>EAID_67614737_A7B6_4af4_8ECE_BE84125C76AF</bpmn:outgoing>
			<bpmn:outgoing>EAID_6BA04946_09B9_4bfc_977F_6E39DEBACC3A</bpmn:outgoing>
			<bpmn:outgoing>EAID_29D23358_66C3_457e_88E9_DD48322D0423</bpmn:outgoing>
		</bpmn:parallelGateway>
		<bpmn:startEvent id="EAID_33D778AD_025B_484e_8043_32C4D114F299" name="Start PI" isInterrupting="true" parallelMultiple="false">
			<bpmn:outgoing>EAID_F17F8886_7282_411e_BED4_100FABFAEB0C</bpmn:outgoing>
		</bpmn:startEvent>
		<bpmn:endEvent id="EAID_568FEE37_1DD0_408a_A385_F5AC1E23EE3C" name="End PI">
			<bpmn:incoming>EAID_2FAA5790_5224_4199_91C3_C7C2A8F00965</bpmn:incoming>
		</bpmn:endEvent>
		<bpmn:task id="EAID_D512ACB1_7AC6_4407_BDEF_244A78CC58E4" name="Set a new project" startQuantity="1" completionQuantity="1" isForCompensation="false">
			<bpmn:incoming>EAID_F17F8886_7282_411e_BED4_100FABFAEB0C</bpmn:incoming>
			<bpmn:incoming>EAID_AFAA4127_1E29_42b2_BC3A_77A8C5726138</bpmn:incoming>
			<bpmn:outgoing>EAID_4405981A_8B84_4d2f_95CA_710C1DFEED67</bpmn:outgoing>
		</bpmn:task>
		<bpmn:sequenceFlow id="EAID_4405981A_8B84_4d2f_95CA_710C1DFEED67" sourceRef="EAID_D512ACB1_7AC6_4407_BDEF_244A78CC58E4" targetRef="EAID_D636E882_2224_4421_A047_5D7FFA8E4666"/>
		<bpmn:sequenceFlow id="EAID_AFAA4127_1E29_42b2_BC3A_77A8C5726138" name="0.5" sourceRef="EAID_04096521_1353_49bc_96E7_BBC5887B8A84" targetRef="EAID_D512ACB1_7AC6_4407_BDEF_244A78CC58E4"/>
		<bpmn:sequenceFlow id="EAID_F17F8886_7282_411e_BED4_100FABFAEB0C" sourceRef="EAID_33D778AD_025B_484e_8043_32C4D114F299" targetRef="EAID_D512ACB1_7AC6_4407_BDEF_244A78CC58E4"/>
		<bpmn:task id="EAID_A152A0BA_7CF3_4f5f_BD1B_0AEE18552ED8" name="Prepare for sharing" startQuantity="1" completionQuantity="1" isForCompensation="false">
			<bpmn:incoming>EAID_67A26CED_E19F_4dcf_AEFF_950D678B21E9</bpmn:incoming>
			<bpmn:outgoing>EAID_2FAA5790_5224_4199_91C3_C7C2A8F00965</bpmn:outgoing>
		</bpmn:task>
		<bpmn:sequenceFlow id="EAID_2FAA5790_5224_4199_91C3_C7C2A8F00965" sourceRef="EAID_A152A0BA_7CF3_4f5f_BD1B_0AEE18552ED8" targetRef="EAID_568FEE37_1DD0_408a_A385_F5AC1E23EE3C"/>
		<bpmn:sequenceFlow id="EAID_67A26CED_E19F_4dcf_AEFF_950D678B21E9" sourceRef="EAID_10B9E8FE_4A4F_4afa_82B9_102FE6CD1122" targetRef="EAID_A152A0BA_7CF3_4f5f_BD1B_0AEE18552ED8"/>
		<bpmn:task id="EAID_AF31D46D_2006_402c_8AA6_D33A9E0DE0B9" name="Prepare for production" startQuantity="1" completionQuantity="1" isForCompensation="false">
			<bpmn:incoming>EAID_12480D8E_C60A_4556_9F55_070B62EBEF38</bpmn:incoming>
			<bpmn:outgoing>EAID_F28A72F9_22FC_4c5d_A540_37563B1602FD</bpmn:outgoing>
		</bpmn:task>
		<bpmn:sequenceFlow id="EAID_F28A72F9_22FC_4c5d_A540_37563B1602FD" sourceRef="EAID_AF31D46D_2006_402c_8AA6_D33A9E0DE0B9" targetRef="EAID_10B9E8FE_4A4F_4afa_82B9_102FE6CD1122"/>
		<bpmn:sequenceFlow id="EAID_12480D8E_C60A_4556_9F55_070B62EBEF38" sourceRef="EAID_7892CF64_915C_43f7_9935_4E0EB2C30A3B" targetRef="EAID_AF31D46D_2006_402c_8AA6_D33A9E0DE0B9"/>
		<bpmn:task id="EAID_C2C58671_18D4_4c41_A9E4_431400FCBEFB" name="Prepare for marketing" startQuantity="1" completionQuantity="1" isForCompensation="false">
			<bpmn:incoming>EAID_544938A2_A98A_44bc_98F2_9441008C082D</bpmn:incoming>
			<bpmn:outgoing>EAID_77091C3D_4D32_4828_A827_21A5D0E8FB55</bpmn:outgoing>
		</bpmn:task>
		<bpmn:sequenceFlow id="EAID_77091C3D_4D32_4828_A827_21A5D0E8FB55" sourceRef="EAID_C2C58671_18D4_4c41_A9E4_431400FCBEFB" targetRef="EAID_10B9E8FE_4A4F_4afa_82B9_102FE6CD1122"/>
		<bpmn:sequenceFlow id="EAID_544938A2_A98A_44bc_98F2_9441008C082D" sourceRef="EAID_7892CF64_915C_43f7_9935_4E0EB2C30A3B" targetRef="EAID_C2C58671_18D4_4c41_A9E4_431400FCBEFB"/>
		<bpmn:task id="EAID_292DB18A_C7C8_4681_BCFE_108B7F63C797" name="Prepare for finance" startQuantity="1" completionQuantity="1" isForCompensation="false">
			<bpmn:incoming>EAID_541D554D_186F_4ec0_B7F5_F0E7F7D86E15</bpmn:incoming>
			<bpmn:outgoing>EAID_F03982B7_F34D_4a60_9D00_6D0B18961E25</bpmn:outgoing>
		</bpmn:task>
		<bpmn:sequenceFlow id="EAID_F03982B7_F34D_4a60_9D00_6D0B18961E25" sourceRef="EAID_292DB18A_C7C8_4681_BCFE_108B7F63C797" targetRef="EAID_10B9E8FE_4A4F_4afa_82B9_102FE6CD1122"/>
		<bpmn:sequenceFlow id="EAID_541D554D_186F_4ec0_B7F5_F0E7F7D86E15" sourceRef="EAID_7892CF64_915C_43f7_9935_4E0EB2C30A3B" targetRef="EAID_292DB18A_C7C8_4681_BCFE_108B7F63C797"/>
		<bpmn:task id="EAID_1A327B60_8389_4ae9_A0BF_D1C72E85D2ED" name="Prepare for engineering" startQuantity="1" completionQuantity="1" isForCompensation="false">
			<bpmn:incoming>EAID_A8FCD464_D887_4c83_B749_82802D6740E0</bpmn:incoming>
			<bpmn:outgoing>EAID_26145457_F0B0_4dcc_B5D2_AE67328113B5</bpmn:outgoing>
		</bpmn:task>
		<bpmn:sequenceFlow id="EAID_26145457_F0B0_4dcc_B5D2_AE67328113B5" sourceRef="EAID_1A327B60_8389_4ae9_A0BF_D1C72E85D2ED" targetRef="EAID_10B9E8FE_4A4F_4afa_82B9_102FE6CD1122"/>
		<bpmn:sequenceFlow id="EAID_A8FCD464_D887_4c83_B749_82802D6740E0" sourceRef="EAID_7892CF64_915C_43f7_9935_4E0EB2C30A3B" targetRef="EAID_1A327B60_8389_4ae9_A0BF_D1C72E85D2ED"/>
		<bpmn:task id="EAID_48D54396_18EC_4438_B3E3_CC666CC7E69C" name="Draft of product idea" startQuantity="1" completionQuantity="1" isForCompensation="false">
			<bpmn:incoming>EAID_EF513848_5AB1_4dae_B329_F61A45AAEE1B</bpmn:incoming>
			<bpmn:outgoing>EAID_820EE82D_51AF_4a58_8691_7F0FCFE926E6</bpmn:outgoing>
		</bpmn:task>
		<bpmn:sequenceFlow id="EAID_820EE82D_51AF_4a58_8691_7F0FCFE926E6" sourceRef="EAID_48D54396_18EC_4438_B3E3_CC666CC7E69C" targetRef="EAID_04096521_1353_49bc_96E7_BBC5887B8A84"/>
		<bpmn:task id="EAID_5AC43C10_96B6_4114_AC04_B0EFF19CED05" name="Derive new ideas" startQuantity="1" completionQuantity="1" isForCompensation="false">
			<bpmn:incoming>EAID_1918008E_EC62_4cdf_A115_5890CDEBE62F</bpmn:incoming>
			<bpmn:outgoing>EAID_EF513848_5AB1_4dae_B329_F61A45AAEE1B</bpmn:outgoing>
		</bpmn:task>
		<bpmn:sequenceFlow id="EAID_EF513848_5AB1_4dae_B329_F61A45AAEE1B" sourceRef="EAID_5AC43C10_96B6_4114_AC04_B0EFF19CED05" targetRef="EAID_48D54396_18EC_4438_B3E3_CC666CC7E69C"/>
		<bpmn:sequenceFlow id="EAID_1918008E_EC62_4cdf_A115_5890CDEBE62F" sourceRef="EAID_4B736650_AA78_4768_9448_FBADF5740CA1" targetRef="EAID_5AC43C10_96B6_4114_AC04_B0EFF19CED05"/>
		<bpmn:task id="EAID_B971C6C4_DCCA_4719_98D0_2B375235C9FE" name="Collect ideas" startQuantity="1" completionQuantity="1" isForCompensation="false">
			<bpmn:incoming>EAID_29D23358_66C3_457e_88E9_DD48322D0423</bpmn:incoming>
			<bpmn:outgoing>EAID_60A29B72_3C61_4bae_A857_4636AF0E8973</bpmn:outgoing>
		</bpmn:task>
		<bpmn:sequenceFlow id="EAID_60A29B72_3C61_4bae_A857_4636AF0E8973" sourceRef="EAID_B971C6C4_DCCA_4719_98D0_2B375235C9FE" targetRef="EAID_4B736650_AA78_4768_9448_FBADF5740CA1"/>
		<bpmn:sequenceFlow id="EAID_29D23358_66C3_457e_88E9_DD48322D0423" sourceRef="EAID_D636E882_2224_4421_A047_5D7FFA8E4666" targetRef="EAID_B971C6C4_DCCA_4719_98D0_2B375235C9FE"/>
		<bpmn:task id="EAID_7E36DD32_8470_4ff0_98CF_3C838A852B2E" name="Analyze own portfolio" startQuantity="1" completionQuantity="1" isForCompensation="false">
			<bpmn:incoming>EAID_6BA04946_09B9_4bfc_977F_6E39DEBACC3A</bpmn:incoming>
			<bpmn:outgoing>EAID_23955D21_0C0F_448a_B273_1C3ABC04B178</bpmn:outgoing>
		</bpmn:task>
		<bpmn:sequenceFlow id="EAID_23955D21_0C0F_448a_B273_1C3ABC04B178" sourceRef="EAID_7E36DD32_8470_4ff0_98CF_3C838A852B2E" targetRef="EAID_4B736650_AA78_4768_9448_FBADF5740CA1"/>
		<bpmn:sequenceFlow id="EAID_6BA04946_09B9_4bfc_977F_6E39DEBACC3A" sourceRef="EAID_D636E882_2224_4421_A047_5D7FFA8E4666" targetRef="EAID_7E36DD32_8470_4ff0_98CF_3C838A852B2E"/>
		<bpmn:task id="EAID_4929E277_29C1_4c0e_B3B5_AAB7B4292EFC" name="Analyze competitors" startQuantity="1" completionQuantity="1" isForCompensation="false">
			<bpmn:incoming>EAID_67614737_A7B6_4af4_8ECE_BE84125C76AF</bpmn:incoming>
			<bpmn:outgoing>EAID_DA8659AE_AF08_4737_89BC_73FA72A4AE76</bpmn:outgoing>
		</bpmn:task>
		<bpmn:sequenceFlow id="EAID_DA8659AE_AF08_4737_89BC_73FA72A4AE76" sourceRef="EAID_4929E277_29C1_4c0e_B3B5_AAB7B4292EFC" targetRef="EAID_4B736650_AA78_4768_9448_FBADF5740CA1"/>
		<bpmn:sequenceFlow id="EAID_67614737_A7B6_4af4_8ECE_BE84125C76AF" sourceRef="EAID_D636E882_2224_4421_A047_5D7FFA8E4666" targetRef="EAID_4929E277_29C1_4c0e_B3B5_AAB7B4292EFC"/>
	</bpmn:process>
	<bpmn:process id="EAID_5BEE2A80_E7EF_4442_AAFF_D6579FBC1437" name="Timeline" isClosed="false" processType="None">
		<bpmn:startEvent id="EAID_02C371C9_37F2_46bc_BE21_C03DA88905E3" name="Start ST" isInterrupting="true" parallelMultiple="false">
			<bpmn:outgoing>EAID_61E6B610_B2B1_489a_8C5D_38A1F62EB8DC</bpmn:outgoing>
		</bpmn:startEvent>
		<bpmn:startEvent id="EAID_A4D639B7_FA14_44c6_8620_79A4F6DD2509" name="Start PI" isInterrupting="true" parallelMultiple="false">
			<bpmn:outgoing>EAID_7C264318_BFF2_428b_AAE5_2188C3E2158E</bpmn:outgoing>
		</bpmn:startEvent>
		<bpmn:startEvent id="EAID_2EE2E84A_AC1B_47fb_9FC3_4852CCFC6D15" name="Start DEV" isInterrupting="true" parallelMultiple="false">
			<bpmn:outgoing>EAID_C255E46B_706C_428c_A4C0_102766699281</bpmn:outgoing>
		</bpmn:startEvent>
		<bpmn:intermediateThrowEvent id="EAID_FE7DF4DD_8DEC_48f2_9A12_F5E3DD14B0E9" name="Int RQ">
			<bpmn:incoming>EAID_6C04C986_D65E_46d9_BF3D_F2AC58910F02</bpmn:incoming>
			<bpmn:outgoing>EAID_FDE2271B_C5BB_47b5_9993_3A404103C5E9</bpmn:outgoing>
		</bpmn:intermediateThrowEvent>
		<bpmn:intermediateThrowEvent id="EAID_71BED15A_153E_43e2_BF3F_E11AFD33906A" name="Int RQ">
			<bpmn:incoming>EAID_51269BA4_5A62_457a_9B2A_4A78DB5D9510</bpmn:incoming>
			<bpmn:outgoing>EAID_16572382_2DA1_414d_9DFA_48F179EC5F1C</bpmn:outgoing>
		</bpmn:intermediateThrowEvent>
		<bpmn:intermediateThrowEvent id="EAID_4591EC65_D22D_469f_B1C6_6B5BD8934011" name="Int PI">
			<bpmn:incoming>EAID_CC1BE1DD_DC05_4e49_B62E_F84B3CB31FB9</bpmn:incoming>
			<bpmn:outgoing>EAID_664F33FA_004A_49da_8710_D498C5CBDD3D</bpmn:outgoing>
		</bpmn:intermediateThrowEvent>
		<bpmn:intermediateThrowEvent id="EAID_1467C64B_95CC_4b2f_AFC7_07AC12FDCC58" name="Int DT">
			<bpmn:incoming>EAID_E5CE5B2B_8DCC_4e06_9163_1C12C86A20DB</bpmn:incoming>
			<bpmn:outgoing>EAID_162C127A_20F5_41b2_9E61_9188F60B404E</bpmn:outgoing>
		</bpmn:intermediateThrowEvent>
		<bpmn:intermediateThrowEvent id="EAID_21E20637_5CDD_46b0_B9B2_3511E86EB7D2" name="Int CAD">
			<bpmn:incoming>EAID_D90EE15F_13AF_4c34_9E01_072485109DD4</bpmn:incoming>
			<bpmn:outgoing>EAID_326E81E1_4673_4ff4_9967_4B3A1ABD18D6</bpmn:outgoing>
		</bpmn:intermediateThrowEvent>
		<bpmn:endEvent id="EAID_EE735A33_F0E7_4f48_B518_1EBF37BD14EC" name="End RQ">
			<bpmn:incoming>EAID_7932902E_1CA2_461a_A779_8E66BCED1232</bpmn:incoming>
		</bpmn:endEvent>
		<bpmn:endEvent id="EAID_8F0B9105_2B48_427c_8D57_5D8A1FE3B3F3" name="End PI">
			<bpmn:incoming>EAID_28B4740B_0103_4961_A18B_C6DD1061FC02</bpmn:incoming>
		</bpmn:endEvent>
		<bpmn:endEvent id="EAID_A67051F2_88B8_4a80_B8A8_E2DEFE3E1873" name="End DEV">
			<bpmn:incoming>EAID_B97B4479_B8A2_46a9_A4B2_D6ABA11C2AE4</bpmn:incoming>
		</bpmn:endEvent>
		<bpmn:intermediateCatchEvent id="EAID_C3C7FD31_8429_4510_9E7A_53EA367A7A06" name="25 days" parallelMultiple="false">
			<bpmn:incoming>EAID_326E81E1_4673_4ff4_9967_4B3A1ABD18D6</bpmn:incoming>
			<bpmn:outgoing>EAID_E5CE5B2B_8DCC_4e06_9163_1C12C86A20DB</bpmn:outgoing>
			<bpmn:timerEventDefinition/>
		</bpmn:intermediateCatchEvent>
		<bpmn:sequenceFlow id="EAID_E5CE5B2B_8DCC_4e06_9163_1C12C86A20DB" sourceRef="EAID_C3C7FD31_8429_4510_9E7A_53EA367A7A06" targetRef="EAID_1467C64B_95CC_4b2f_AFC7_07AC12FDCC58"/>
		<bpmn:sequenceFlow id="EAID_326E81E1_4673_4ff4_9967_4B3A1ABD18D6" sourceRef="EAID_21E20637_5CDD_46b0_B9B2_3511E86EB7D2" targetRef="EAID_C3C7FD31_8429_4510_9E7A_53EA367A7A06"/>
		<bpmn:intermediateCatchEvent id="EAID_6596DA18_0AF8_49c2_B317_AB346D0FD3F4" name="17 days" parallelMultiple="false">
			<bpmn:incoming>EAID_7C264318_BFF2_428b_AAE5_2188C3E2158E</bpmn:incoming>
			<bpmn:outgoing>EAID_28B4740B_0103_4961_A18B_C6DD1061FC02</bpmn:outgoing>
			<bpmn:timerEventDefinition/>
		</bpmn:intermediateCatchEvent>
		<bpmn:sequenceFlow id="EAID_28B4740B_0103_4961_A18B_C6DD1061FC02" sourceRef="EAID_6596DA18_0AF8_49c2_B317_AB346D0FD3F4" targetRef="EAID_8F0B9105_2B48_427c_8D57_5D8A1FE3B3F3"/>
		<bpmn:sequenceFlow id="EAID_7C264318_BFF2_428b_AAE5_2188C3E2158E" sourceRef="EAID_A4D639B7_FA14_44c6_8620_79A4F6DD2509" targetRef="EAID_6596DA18_0AF8_49c2_B317_AB346D0FD3F4"/>
		<bpmn:intermediateCatchEvent id="EAID_47E20AD6_6E90_4b65_9979_A33DF3D285D9" name="15 days" parallelMultiple="false">
			<bpmn:incoming>EAID_162C127A_20F5_41b2_9E61_9188F60B404E</bpmn:incoming>
			<bpmn:outgoing>EAID_B97B4479_B8A2_46a9_A4B2_D6ABA11C2AE4</bpmn:outgoing>
			<bpmn:timerEventDefinition/>
		</bpmn:intermediateCatchEvent>
		<bpmn:sequenceFlow id="EAID_B97B4479_B8A2_46a9_A4B2_D6ABA11C2AE4" sourceRef="EAID_47E20AD6_6E90_4b65_9979_A33DF3D285D9" targetRef="EAID_A67051F2_88B8_4a80_B8A8_E2DEFE3E1873"/>
		<bpmn:sequenceFlow id="EAID_162C127A_20F5_41b2_9E61_9188F60B404E" sourceRef="EAID_1467C64B_95CC_4b2f_AFC7_07AC12FDCC58" targetRef="EAID_47E20AD6_6E90_4b65_9979_A33DF3D285D9"/>
		<bpmn:intermediateCatchEvent id="EAID_B7788740_3796_4b6f_A298_D7F0B48B0FC8" name="15 days" parallelMultiple="false">
			<bpmn:incoming>EAID_FDE2271B_C5BB_47b5_9993_3A404103C5E9</bpmn:incoming>
			<bpmn:outgoing>EAID_D90EE15F_13AF_4c34_9E01_072485109DD4</bpmn:outgoing>
			<bpmn:timerEventDefinition/>
		</bpmn:intermediateCatchEvent>
		<bpmn:sequenceFlow id="EAID_D90EE15F_13AF_4c34_9E01_072485109DD4" sourceRef="EAID_B7788740_3796_4b6f_A298_D7F0B48B0FC8" targetRef="EAID_21E20637_5CDD_46b0_B9B2_3511E86EB7D2"/>
		<bpmn:sequenceFlow id="EAID_FDE2271B_C5BB_47b5_9993_3A404103C5E9" sourceRef="EAID_FE7DF4DD_8DEC_48f2_9A12_F5E3DD14B0E9" targetRef="EAID_B7788740_3796_4b6f_A298_D7F0B48B0FC8"/>
		<bpmn:intermediateCatchEvent id="EAID_84BBE57F_262C_4a52_A2BB_CF4935607984" name="15 days" parallelMultiple="false">
			<bpmn:incoming>EAID_664F33FA_004A_49da_8710_D498C5CBDD3D</bpmn:incoming>
			<bpmn:outgoing>EAID_51269BA4_5A62_457a_9B2A_4A78DB5D9510</bpmn:outgoing>
			<bpmn:timerEventDefinition/>
		</bpmn:intermediateCatchEvent>
		<bpmn:sequenceFlow id="EAID_51269BA4_5A62_457a_9B2A_4A78DB5D9510" sourceRef="EAID_84BBE57F_262C_4a52_A2BB_CF4935607984" targetRef="EAID_71BED15A_153E_43e2_BF3F_E11AFD33906A"/>
		<bpmn:sequenceFlow id="EAID_664F33FA_004A_49da_8710_D498C5CBDD3D" sourceRef="EAID_4591EC65_D22D_469f_B1C6_6B5BD8934011" targetRef="EAID_84BBE57F_262C_4a52_A2BB_CF4935607984"/>
		<bpmn:intermediateCatchEvent id="EAID_610174CC_E5C5_48f1_8079_3AF9F8E37A33" name="14 days" parallelMultiple="false">
			<bpmn:incoming>EAID_16572382_2DA1_414d_9DFA_48F179EC5F1C</bpmn:incoming>
			<bpmn:outgoing>EAID_7932902E_1CA2_461a_A779_8E66BCED1232</bpmn:outgoing>
			<bpmn:timerEventDefinition/>
		</bpmn:intermediateCatchEvent>
		<bpmn:sequenceFlow id="EAID_7932902E_1CA2_461a_A779_8E66BCED1232" sourceRef="EAID_610174CC_E5C5_48f1_8079_3AF9F8E37A33" targetRef="EAID_EE735A33_F0E7_4f48_B518_1EBF37BD14EC"/>
		<bpmn:sequenceFlow id="EAID_16572382_2DA1_414d_9DFA_48F179EC5F1C" sourceRef="EAID_71BED15A_153E_43e2_BF3F_E11AFD33906A" targetRef="EAID_610174CC_E5C5_48f1_8079_3AF9F8E37A33"/>
		<bpmn:intermediateCatchEvent id="EAID_8B3CDBEE_F183_4b83_BE7A_F7B12FAD8EA4" name="1 day" parallelMultiple="false">
			<bpmn:incoming>EAID_C255E46B_706C_428c_A4C0_102766699281</bpmn:incoming>
			<bpmn:outgoing>EAID_6C04C986_D65E_46d9_BF3D_F2AC58910F02</bpmn:outgoing>
			<bpmn:timerEventDefinition/>
		</bpmn:intermediateCatchEvent>
		<bpmn:sequenceFlow id="EAID_6C04C986_D65E_46d9_BF3D_F2AC58910F02" sourceRef="EAID_8B3CDBEE_F183_4b83_BE7A_F7B12FAD8EA4" targetRef="EAID_FE7DF4DD_8DEC_48f2_9A12_F5E3DD14B0E9"/>
		<bpmn:sequenceFlow id="EAID_C255E46B_706C_428c_A4C0_102766699281" sourceRef="EAID_2EE2E84A_AC1B_47fb_9FC3_4852CCFC6D15" targetRef="EAID_8B3CDBEE_F183_4b83_BE7A_F7B12FAD8EA4"/>
		<bpmn:intermediateCatchEvent id="EAID_ACAFD21B_E47E_4091_801C_B5BB00FA5305" name="1 day" parallelMultiple="false">
			<bpmn:incoming>EAID_61E6B610_B2B1_489a_8C5D_38A1F62EB8DC</bpmn:incoming>
			<bpmn:outgoing>EAID_CC1BE1DD_DC05_4e49_B62E_F84B3CB31FB9</bpmn:outgoing>
			<bpmn:timerEventDefinition/>
		</bpmn:intermediateCatchEvent>
		<bpmn:sequenceFlow id="EAID_CC1BE1DD_DC05_4e49_B62E_F84B3CB31FB9" sourceRef="EAID_ACAFD21B_E47E_4091_801C_B5BB00FA5305" targetRef="EAID_4591EC65_D22D_469f_B1C6_6B5BD8934011"/>
		<bpmn:sequenceFlow id="EAID_61E6B610_B2B1_489a_8C5D_38A1F62EB8DC" sourceRef="EAID_02C371C9_37F2_46bc_BE21_C03DA88905E3" targetRef="EAID_ACAFD21B_E47E_4091_801C_B5BB00FA5305"/>
	</bpmn:process>
	<bpmndi:BPMNDiagram id="EAID_DB26DC2D_C717_4672_B376_A7EB2757C4AE" name="Timeline">
		<bpmndi:BPMNPlane id="EAID_PL000000_C717_4672_B376_A7EB2757C4AE" bpmnElement="EAID_5BEE2A80_E7EF_4442_AAFF_D6579FBC1437">
			<bpmndi:BPMNShape id="EAID_DO000000_C717_4672_B376_A7EB2757C4AE" bpmnElement="EAID_A4D639B7_FA14_44c6_8620_79A4F6DD2509">
				<dc:Bounds x="56" y="85" width="30" height="30"/>
				<bpmndi:BPMNLabel id="EAID_LBL000000_FA14_44c6_8620_79A4F6DD2509" labelStyle="EAID_LS000000_C717_4672_B376_A7EB2757C4AE">
					<dc:Bounds x="57" y="125" width="31" height="15"/>
				</bpmndi:BPMNLabel>
			</bpmndi:BPMNShape>
			<bpmndi:BPMNShape id="EAID_DO000001_C717_4672_B376_A7EB2757C4AE" bpmnElement="EAID_8F0B9105_2B48_427c_8D57_5D8A1FE3B3F3">
				<dc:Bounds x="246" y="86" width="30" height="30"/>
				<bpmndi:BPMNLabel id="EAID_LBL000000_2B48_427c_8D57_5D8A1FE3B3F3" labelStyle="EAID_LS000000_C717_4672_B376_A7EB2757C4AE">
					<dc:Bounds x="247" y="126" width="27" height="15"/>
				</bpmndi:BPMNLabel>
			</bpmndi:BPMNShape>
			<bpmndi:BPMNShape id="EAID_DO000002_C717_4672_B376_A7EB2757C4AE" bpmnElement="EAID_6596DA18_0AF8_49c2_B317_AB346D0FD3F4">
				<dc:Bounds x="154" y="86" width="30" height="30"/>
				<bpmndi:BPMNLabel id="EAID_LBL000000_0AF8_49c2_B317_AB346D0FD3F4" labelStyle="EAID_LS000000_C717_4672_B376_A7EB2757C4AE">
					<dc:Bounds x="155" y="126" width="33" height="15"/>
				</bpmndi:BPMNLabel>
			</bpmndi:BPMNShape>
			<bpmndi:BPMNShape id="EAID_DO000003_C717_4672_B376_A7EB2757C4AE" bpmnElement="EAID_02C371C9_37F2_46bc_BE21_C03DA88905E3">
				<dc:Bounds x="57" y="218" width="30" height="30"/>
				<bpmndi:BPMNLabel id="EAID_LBL000000_37F2_46bc_BE21_C03DA88905E3" labelStyle="EAID_LS000000_C717_4672_B376_A7EB2757C4AE">
					<dc:Bounds x="58" y="258" width="33" height="15"/>
				</bpmndi:BPMNLabel>
			</bpmndi:BPMNShape>
			<bpmndi:BPMNShape id="EAID_DO000004_C717_4672_B376_A7EB2757C4AE" bpmnElement="EAID_ACAFD21B_E47E_4091_801C_B5BB00FA5305">
				<dc:Bounds x="125" y="218" width="30" height="30"/>
				<bpmndi:BPMNLabel id="EAID_LBL000000_E47E_4091_801C_B5BB00FA5305" labelStyle="EAID_LS000000_C717_4672_B376_A7EB2757C4AE">
					<dc:Bounds x="126" y="258" width="24" height="15"/>
				</bpmndi:BPMNLabel>
			</bpmndi:BPMNShape>
			<bpmndi:BPMNShape id="EAID_DO000005_C717_4672_B376_A7EB2757C4AE" bpmnElement="EAID_4591EC65_D22D_469f_B1C6_6B5BD8934011">
				<dc:Bounds x="192" y="218" width="30" height="30"/>
				<bpmndi:BPMNLabel id="EAID_LBL000000_D22D_469f_B1C6_6B5BD8934011" labelStyle="EAID_LS000000_C717_4672_B376_A7EB2757C4AE">
					<dc:Bounds x="193" y="258" width="23" height="15"/>
				</bpmndi:BPMNLabel>
			</bpmndi:BPMNShape>
			<bpmndi:BPMNShape id="EAID_DO000006_C717_4672_B376_A7EB2757C4AE" bpmnElement="EAID_84BBE57F_262C_4a52_A2BB_CF4935607984">
				<dc:Bounds x="264" y="218" width="30" height="30"/>
				<bpmndi:BPMNLabel id="EAID_LBL000000_262C_4a52_A2BB_CF4935607984" labelStyle="EAID_LS000000_C717_4672_B376_A7EB2757C4AE">
					<dc:Bounds x="265" y="258" width="33" height="15"/>
				</bpmndi:BPMNLabel>
			</bpmndi:BPMNShape>
			<bpmndi:BPMNShape id="EAID_DO000007_C717_4672_B376_A7EB2757C4AE" bpmnElement="EAID_71BED15A_153E_43e2_BF3F_E11AFD33906A">
				<dc:Bounds x="345" y="218" width="30" height="30"/>
				<bpmndi:BPMNLabel id="EAID_LBL000000_153E_43e2_BF3F_E11AFD33906A" labelStyle="EAID_LS000000_C717_4672_B376_A7EB2757C4AE">
					<dc:Bounds x="346" y="258" width="27" height="15"/>
				</bpmndi:BPMNLabel>
			</bpmndi:BPMNShape>
			<bpmndi:BPMNShape id="EAID_DO000008_C717_4672_B376_A7EB2757C4AE" bpmnElement="EAID_610174CC_E5C5_48f1_8079_3AF9F8E37A33">
				<dc:Bounds x="424" y="218" width="30" height="30"/>
				<bpmndi:BPMNLabel id="EAID_LBL000000_E5C5_48f1_8079_3AF9F8E37A33" labelStyle="EAID_LS000000_C717_4672_B376_A7EB2757C4AE">
					<dc:Bounds x="425" y="258" width="33" height="15"/>
				</bpmndi:BPMNLabel>
			</bpmndi:BPMNShape>
			<bpmndi:BPMNShape id="EAID_DO000009_C717_4672_B376_A7EB2757C4AE" bpmnElement="EAID_EE735A33_F0E7_4f48_B518_1EBF37BD14EC">
				<dc:Bounds x="498" y="218" width="30" height="30"/>
				<bpmndi:BPMNLabel id="EAID_LBL000000_F0E7_4f48_B518_1EBF37BD14EC" labelStyle="EAID_LS000000_C717_4672_B376_A7EB2757C4AE">
					<dc:Bounds x="499" y="258" width="31" height="15"/>
				</bpmndi:BPMNLabel>
			</bpmndi:BPMNShape>
			<bpmndi:BPMNShape id="EAID_DO000010_C717_4672_B376_A7EB2757C4AE" bpmnElement="EAID_2EE2E84A_AC1B_47fb_9FC3_4852CCFC6D15">
				<dc:Bounds x="58" y="312" width="30" height="30"/>
				<bpmndi:BPMNLabel id="EAID_LBL000000_AC1B_47fb_9FC3_4852CCFC6D15" labelStyle="EAID_LS000000_C717_4672_B376_A7EB2757C4AE">
					<dc:Bounds x="59" y="352" width="40" height="15"/>
				</bpmndi:BPMNLabel>
			</bpmndi:BPMNShape>
			<bpmndi:BPMNShape id="EAID_DO000011_C717_4672_B376_A7EB2757C4AE" bpmnElement="EAID_FE7DF4DD_8DEC_48f2_9A12_F5E3DD14B0E9">
				<dc:Bounds x="193" y="312" width="30" height="30"/>
				<bpmndi:BPMNLabel id="EAID_LBL000000_8DEC_48f2_9A12_F5E3DD14B0E9" labelStyle="EAID_LS000000_C717_4672_B376_A7EB2757C4AE">
					<dc:Bounds x="194" y="352" width="27" height="15"/>
				</bpmndi:BPMNLabel>
			</bpmndi:BPMNShape>
			<bpmndi:BPMNShape id="EAID_DO000012_C717_4672_B376_A7EB2757C4AE" bpmnElement="EAID_8B3CDBEE_F183_4b83_BE7A_F7B12FAD8EA4">
				<dc:Bounds x="126" y="312" width="30" height="30"/>
				<bpmndi:BPMNLabel id="EAID_LBL000000_F183_4b83_BE7A_F7B12FAD8EA4" labelStyle="EAID_LS000000_C717_4672_B376_A7EB2757C4AE">
					<dc:Bounds x="127" y="352" width="24" height="15"/>
				</bpmndi:BPMNLabel>
			</bpmndi:BPMNShape>
			<bpmndi:BPMNShape id="EAID_DO000013_C717_4672_B376_A7EB2757C4AE" bpmnElement="EAID_B7788740_3796_4b6f_A298_D7F0B48B0FC8">
				<dc:Bounds x="255" y="312" width="30" height="30"/>
				<bpmndi:BPMNLabel id="EAID_LBL000000_3796_4b6f_A298_D7F0B48B0FC8" labelStyle="EAID_LS000000_C717_4672_B376_A7EB2757C4AE">
					<dc:Bounds x="256" y="352" width="33" height="15"/>
				</bpmndi:BPMNLabel>
			</bpmndi:BPMNShape>
			<bpmndi:BPMNShape id="EAID_DO000014_C717_4672_B376_A7EB2757C4AE" bpmnElement="EAID_21E20637_5CDD_46b0_B9B2_3511E86EB7D2">
				<dc:Bounds x="334" y="312" width="30" height="30"/>
				<bpmndi:BPMNLabel id="EAID_LBL000000_5CDD_46b0_B9B2_3511E86EB7D2" labelStyle="EAID_LS000000_C717_4672_B376_A7EB2757C4AE">
					<dc:Bounds x="335" y="352" width="32" height="15"/>
				</bpmndi:BPMNLabel>
			</bpmndi:BPMNShape>
			<bpmndi:BPMNShape id="EAID_DO000015_C717_4672_B376_A7EB2757C4AE" bpmnElement="EAID_C3C7FD31_8429_4510_9E7A_53EA367A7A06">
				<dc:Bounds x="406" y="312" width="30" height="30"/>
				<bpmndi:BPMNLabel id="EAID_LBL000000_8429_4510_9E7A_53EA367A7A06" labelStyle="EAID_LS000000_C717_4672_B376_A7EB2757C4AE">
					<dc:Bounds x="407" y="352" width="33" height="15"/>
				</bpmndi:BPMNLabel>
			</bpmndi:BPMNShape>
			<bpmndi:BPMNShape id="EAID_DO000016_C717_4672_B376_A7EB2757C4AE" bpmnElement="EAID_1467C64B_95CC_4b2f_AFC7_07AC12FDCC58">
				<dc:Bounds x="492" y="308" width="30" height="30"/>
				<bpmndi:BPMNLabel id="EAID_LBL000000_95CC_4b2f_AFC7_07AC12FDCC58" labelStyle="EAID_LS000000_C717_4672_B376_A7EB2757C4AE">
					<dc:Bounds x="493" y="348" width="26" height="15"/>
				</bpmndi:BPMNLabel>
			</bpmndi:BPMNShape>
			<bpmndi:BPMNShape id="EAID_DO000017_C717_4672_B376_A7EB2757C4AE" bpmnElement="EAID_47E20AD6_6E90_4b65_9979_A33DF3D285D9">
				<dc:Bounds x="570" y="308" width="30" height="30"/>
				<bpmndi:BPMNLabel id="EAID_LBL000000_6E90_4b65_9979_A33DF3D285D9" labelStyle="EAID_LS000000_C717_4672_B376_A7EB2757C4AE">
					<dc:Bounds x="571" y="348" width="33" height="15"/>
				</bpmndi:BPMNLabel>
			</bpmndi:BPMNShape>
			<bpmndi:BPMNShape id="EAID_DO000018_C717_4672_B376_A7EB2757C4AE" bpmnElement="EAID_A67051F2_88B8_4a80_B8A8_E2DEFE3E1873">
				<dc:Bounds x="658" y="309" width="30" height="30"/>
				<bpmndi:BPMNLabel id="EAID_LBL000000_88B8_4a80_B8A8_E2DEFE3E1873" labelStyle="EAID_LS000000_C717_4672_B376_A7EB2757C4AE">
					<dc:Bounds x="659" y="349" width="36" height="15"/>
				</bpmndi:BPMNLabel>
			</bpmndi:BPMNShape>
			<bpmndi:BPMNEdge id="EAID_DL000000_C717_4672_B376_A7EB2757C4AE" bpmnElement="EAID_7C264318_BFF2_428b_AAE5_2188C3E2158E">
				<di:waypoint x="86" y="100"/>
				<di:waypoint x="154" y="100"/>
			</bpmndi:BPMNEdge>
			<bpmndi:BPMNEdge id="EAID_DL000001_C717_4672_B376_A7EB2757C4AE" bpmnElement="EAID_28B4740B_0103_4961_A18B_C6DD1061FC02">
				<di:waypoint x="184" y="101"/>
				<di:waypoint x="246" y="101"/>
			</bpmndi:BPMNEdge>
			<bpmndi:BPMNEdge id="EAID_DL000002_C717_4672_B376_A7EB2757C4AE" bpmnElement="EAID_61E6B610_B2B1_489a_8C5D_38A1F62EB8DC">
				<di:waypoint x="87" y="233"/>
				<di:waypoint x="125" y="233"/>
			</bpmndi:BPMNEdge>
			<bpmndi:BPMNEdge id="EAID_DL000003_C717_4672_B376_A7EB2757C4AE" bpmnElement="EAID_CC1BE1DD_DC05_4e49_B62E_F84B3CB31FB9">
				<di:waypoint x="155" y="233"/>
				<di:waypoint x="192" y="233"/>
			</bpmndi:BPMNEdge>
			<bpmndi:BPMNEdge id="EAID_DL000004_C717_4672_B376_A7EB2757C4AE" bpmnElement="EAID_664F33FA_004A_49da_8710_D498C5CBDD3D">
				<di:waypoint x="222" y="233"/>
				<di:waypoint x="264" y="233"/>
			</bpmndi:BPMNEdge>
			<bpmndi:BPMNEdge id="EAID_DL000005_C717_4672_B376_A7EB2757C4AE" bpmnElement="EAID_51269BA4_5A62_457a_9B2A_4A78DB5D9510">
				<di:waypoint x="294" y="233"/>
				<di:waypoint x="345" y="233"/>
			</bpmndi:BPMNEdge>
			<bpmndi:BPMNEdge id="EAID_DL000006_C717_4672_B376_A7EB2757C4AE" bpmnElement="EAID_16572382_2DA1_414d_9DFA_48F179EC5F1C">
				<di:waypoint x="375" y="233"/>
				<di:waypoint x="424" y="233"/>
			</bpmndi:BPMNEdge>
			<bpmndi:BPMNEdge id="EAID_DL000007_C717_4672_B376_A7EB2757C4AE" bpmnElement="EAID_7932902E_1CA2_461a_A779_8E66BCED1232">
				<di:waypoint x="454" y="233"/>
				<di:waypoint x="498" y="233"/>
			</bpmndi:BPMNEdge>
			<bpmndi:BPMNEdge id="EAID_DL000008_C717_4672_B376_A7EB2757C4AE" bpmnElement="EAID_C255E46B_706C_428c_A4C0_102766699281">
				<di:waypoint x="88" y="327"/>
				<di:waypoint x="126" y="327"/>
			</bpmndi:BPMNEdge>
			<bpmndi:BPMNEdge id="EAID_DL000009_C717_4672_B376_A7EB2757C4AE" bpmnElement="EAID_FDE2271B_C5BB_47b5_9993_3A404103C5E9">
				<di:waypoint x="223" y="327"/>
				<di:waypoint x="255" y="327"/>
			</bpmndi:BPMNEdge>
			<bpmndi:BPMNEdge id="EAID_DL000010_C717_4672_B376_A7EB2757C4AE" bpmnElement="EAID_6C04C986_D65E_46d9_BF3D_F2AC58910F02">
				<di:waypoint x="156" y="327"/>
				<di:waypoint x="193" y="327"/>
			</bpmndi:BPMNEdge>
			<bpmndi:BPMNEdge id="EAID_DL000011_C717_4672_B376_A7EB2757C4AE" bpmnElement="EAID_D90EE15F_13AF_4c34_9E01_072485109DD4">
				<di:waypoint x="285" y="327"/>
				<di:waypoint x="334" y="327"/>
			</bpmndi:BPMNEdge>
			<bpmndi:BPMNEdge id="EAID_DL000012_C717_4672_B376_A7EB2757C4AE" bpmnElement="EAID_326E81E1_4673_4ff4_9967_4B3A1ABD18D6">
				<di:waypoint x="364" y="327"/>
				<di:waypoint x="406" y="327"/>
			</bpmndi:BPMNEdge>
			<bpmndi:BPMNEdge id="EAID_DL000013_C717_4672_B376_A7EB2757C4AE" bpmnElement="EAID_E5CE5B2B_8DCC_4e06_9163_1C12C86A20DB">
				<di:waypoint x="436" y="324"/>
				<di:waypoint x="492" y="324"/>
			</bpmndi:BPMNEdge>
			<bpmndi:BPMNEdge id="EAID_DL000014_C717_4672_B376_A7EB2757C4AE" bpmnElement="EAID_162C127A_20F5_41b2_9E61_9188F60B404E">
				<di:waypoint x="522" y="323"/>
				<di:waypoint x="570" y="323"/>
			</bpmndi:BPMNEdge>
			<bpmndi:BPMNEdge id="EAID_DL000015_C717_4672_B376_A7EB2757C4AE" bpmnElement="EAID_B97B4479_B8A2_46a9_A4B2_D6ABA11C2AE4">
				<di:waypoint x="600" y="323"/>
				<di:waypoint x="658" y="323"/>
			</bpmndi:BPMNEdge>
		</bpmndi:BPMNPlane>
		<bpmndi:BPMNLabelStyle id="EAID_LS000000_C717_4672_B376_A7EB2757C4AE">
			<dc:Font name="Calibri" size="8" isBold="false" isItalic="false" isUnderline="false" isStrikeThrough="false"/>
		</bpmndi:BPMNLabelStyle>
	</bpmndi:BPMNDiagram>
	<bpmndi:BPMNDiagram id="EAID_9ED1A10F_1E4C_4f75_8174_3A252BC03102" name="Strategy">
		<bpmndi:BPMNPlane id="EAID_PL000000_1E4C_4f75_8174_3A252BC03102" bpmnElement="EAID_63DC836F_61A2_482c_B864_2FFB55751B17">
			<bpmndi:BPMNShape id="EAID_DO000000_1E4C_4f75_8174_3A252BC03102" bpmnElement="EAID_33D778AD_025B_484e_8043_32C4D114F299">
				<dc:Bounds x="23" y="167" width="30" height="30"/>
				<bpmndi:BPMNLabel id="EAID_LBL000000_025B_484e_8043_32C4D114F299" labelStyle="EAID_LS000000_1E4C_4f75_8174_3A252BC03102">
					<dc:Bounds x="24" y="207" width="31" height="15"/>
				</bpmndi:BPMNLabel>
			</bpmndi:BPMNShape>
			<bpmndi:BPMNShape id="EAID_DO000001_1E4C_4f75_8174_3A252BC03102" bpmnElement="EAID_D512ACB1_7AC6_4407_BDEF_244A78CC58E4">
				<dc:Bounds x="117" y="152" width="110" height="60"/>
				<bpmndi:BPMNLabel id="EAID_LBL000000_7AC6_4407_BDEF_244A78CC58E4" labelStyle="EAID_LS000000_1E4C_4f75_8174_3A252BC03102"/>
			</bpmndi:BPMNShape>
			<bpmndi:BPMNShape id="EAID_DO000002_1E4C_4f75_8174_3A252BC03102" bpmnElement="EAID_D636E882_2224_4421_A047_5D7FFA8E4666">
				<dc:Bounds x="294" y="161" width="42" height="42"/>
			</bpmndi:BPMNShape>
			<bpmndi:BPMNShape id="EAID_DO000003_1E4C_4f75_8174_3A252BC03102" bpmnElement="EAID_4929E277_29C1_4c0e_B3B5_AAB7B4292EFC">
				<dc:Bounds x="443" y="68" width="110" height="60"/>
				<bpmndi:BPMNLabel id="EAID_LBL000000_29C1_4c0e_B3B5_AAB7B4292EFC" labelStyle="EAID_LS000000_1E4C_4f75_8174_3A252BC03102"/>
			</bpmndi:BPMNShape>
			<bpmndi:BPMNShape id="EAID_DO000004_1E4C_4f75_8174_3A252BC03102" bpmnElement="EAID_7E36DD32_8470_4ff0_98CF_3C838A852B2E">
				<dc:Bounds x="443" y="152" width="110" height="60"/>
				<bpmndi:BPMNLabel id="EAID_LBL000000_8470_4ff0_98CF_3C838A852B2E" labelStyle="EAID_LS000000_1E4C_4f75_8174_3A252BC03102"/>
			</bpmndi:BPMNShape>
			<bpmndi:BPMNShape id="EAID_DO000005_1E4C_4f75_8174_3A252BC03102" bpmnElement="EAID_B971C6C4_DCCA_4719_98D0_2B375235C9FE">
				<dc:Bounds x="443" y="242" width="110" height="60"/>
				<bpmndi:BPMNLabel id="EAID_LBL000000_DCCA_4719_98D0_2B375235C9FE" labelStyle="EAID_LS000000_1E4C_4f75_8174_3A252BC03102"/>
			</bpmndi:BPMNShape>
			<bpmndi:BPMNShape id="EAID_DO000006_1E4C_4f75_8174_3A252BC03102" bpmnElement="EAID_4B736650_AA78_4768_9448_FBADF5740CA1">
				<dc:Bounds x="673" y="172" width="42" height="42"/>
			</bpmndi:BPMNShape>
			<bpmndi:BPMNShape id="EAID_DO000007_1E4C_4f75_8174_3A252BC03102" bpmnElement="EAID_5AC43C10_96B6_4114_AC04_B0EFF19CED05">
				<dc:Bounds x="813" y="163" width="110" height="60"/>
				<bpmndi:BPMNLabel id="EAID_LBL000000_96B6_4114_AC04_B0EFF19CED05" labelStyle="EAID_LS000000_1E4C_4f75_8174_3A252BC03102"/>
			</bpmndi:BPMNShape>
			<bpmndi:BPMNShape id="EAID_DO000008_1E4C_4f75_8174_3A252BC03102" bpmnElement="EAID_48D54396_18EC_4438_B3E3_CC666CC7E69C">
				<dc:Bounds x="1020" y="163" width="110" height="60"/>
				<bpmndi:BPMNLabel id="EAID_LBL000000_18EC_4438_B3E3_CC666CC7E69C" labelStyle="EAID_LS000000_1E4C_4f75_8174_3A252BC03102"/>
			</bpmndi:BPMNShape>
			<bpmndi:BPMNShape id="EAID_DO000009_1E4C_4f75_8174_3A252BC03102" bpmnElement="EAID_04096521_1353_49bc_96E7_BBC5887B8A84" isMarkerVisible="false">
				<dc:Bounds x="1204" y="172" width="42" height="42"/>
			</bpmndi:BPMNShape>
			<bpmndi:BPMNShape id="EAID_DO000010_1E4C_4f75_8174_3A252BC03102" bpmnElement="EAID_7892CF64_915C_43f7_9935_4E0EB2C30A3B">
				<dc:Bounds x="1305" y="172" width="42" height="42"/>
			</bpmndi:BPMNShape>
			<bpmndi:BPMNShape id="EAID_DO000011_1E4C_4f75_8174_3A252BC03102" bpmnElement="EAID_C2C58671_18D4_4c41_A9E4_431400FCBEFB">
				<dc:Bounds x="1482" y="20" width="110" height="60"/>
				<bpmndi:BPMNLabel id="EAID_LBL000000_18D4_4c41_A9E4_431400FCBEFB" labelStyle="EAID_LS000000_1E4C_4f75_8174_3A252BC03102"/>
			</bpmndi:BPMNShape>
			<bpmndi:BPMNShape id="EAID_DO000012_1E4C_4f75_8174_3A252BC03102" bpmnElement="EAID_292DB18A_C7C8_4681_BCFE_108B7F63C797">
				<dc:Bounds x="1482" y="119" width="110" height="60"/>
				<bpmndi:BPMNLabel id="EAID_LBL000000_C7C8_4681_BCFE_108B7F63C797" labelStyle="EAID_LS000000_1E4C_4f75_8174_3A252BC03102"/>
			</bpmndi:BPMNShape>
			<bpmndi:BPMNShape id="EAID_DO000013_1E4C_4f75_8174_3A252BC03102" bpmnElement="EAID_AF31D46D_2006_402c_8AA6_D33A9E0DE0B9">
				<dc:Bounds x="1482" y="232" width="110" height="60"/>
				<bpmndi:BPMNLabel id="EAID_LBL000000_2006_402c_8AA6_D33A9E0DE0B9" labelStyle="EAID_LS000000_1E4C_4f75_8174_3A252BC03102"/>
			</bpmndi:BPMNShape>
			<bpmndi:BPMNShape id="EAID_DO000014_1E4C_4f75_8174_3A252BC03102" bpmnElement="EAID_1A327B60_8389_4ae9_A0BF_D1C72E85D2ED">
				<dc:Bounds x="1482" y="335" width="110" height="60"/>
				<bpmndi:BPMNLabel id="EAID_LBL000000_8389_4ae9_A0BF_D1C72E85D2ED" labelStyle="EAID_LS000000_1E4C_4f75_8174_3A252BC03102"/>
			</bpmndi:BPMNShape>
			<bpmndi:BPMNShape id="EAID_DO000015_1E4C_4f75_8174_3A252BC03102" bpmnElement="EAID_10B9E8FE_4A4F_4afa_82B9_102FE6CD1122">
				<dc:Bounds x="1686" y="175" width="42" height="42"/>
			</bpmndi:BPMNShape>
			<bpmndi:BPMNShape id="EAID_DO000016_1E4C_4f75_8174_3A252BC03102" bpmnElement="EAID_A152A0BA_7CF3_4f5f_BD1B_0AEE18552ED8">
				<dc:Bounds x="1798" y="165" width="110" height="60"/>
				<bpmndi:BPMNLabel id="EAID_LBL000000_7CF3_4f5f_BD1B_0AEE18552ED8" labelStyle="EAID_LS000000_1E4C_4f75_8174_3A252BC03102"/>
			</bpmndi:BPMNShape>
			<bpmndi:BPMNShape id="EAID_DO000017_1E4C_4f75_8174_3A252BC03102" bpmnElement="EAID_568FEE37_1DD0_408a_A385_F5AC1E23EE3C">
				<dc:Bounds x="1980" y="180" width="30" height="30"/>
				<bpmndi:BPMNLabel id="EAID_LBL000000_1DD0_408a_A385_F5AC1E23EE3C" labelStyle="EAID_LS000000_1E4C_4f75_8174_3A252BC03102">
					<dc:Bounds x="1981" y="220" width="27" height="15"/>
				</bpmndi:BPMNLabel>
			</bpmndi:BPMNShape>
			<bpmndi:BPMNEdge id="EAID_DL000000_1E4C_4f75_8174_3A252BC03102" bpmnElement="EAID_F17F8886_7282_411e_BED4_100FABFAEB0C">
				<di:waypoint x="53" y="182"/>
				<di:waypoint x="117" y="182"/>
			</bpmndi:BPMNEdge>
			<bpmndi:BPMNEdge id="EAID_DL000001_1E4C_4f75_8174_3A252BC03102" bpmnElement="EAID_4405981A_8B84_4d2f_95CA_710C1DFEED67">
				<di:waypoint x="227" y="182"/>
				<di:waypoint x="294" y="182"/>
			</bpmndi:BPMNEdge>
			<bpmndi:BPMNEdge id="EAID_DL000002_1E4C_4f75_8174_3A252BC03102" bpmnElement="EAID_67614737_A7B6_4af4_8ECE_BE84125C76AF">
				<di:waypoint x="315" y="161"/>
				<di:waypoint x="315" y="95"/>
				<di:waypoint x="443" y="95"/>
			</bpmndi:BPMNEdge>
			<bpmndi:BPMNEdge id="EAID_DL000003_1E4C_4f75_8174_3A252BC03102" bpmnElement="EAID_6BA04946_09B9_4bfc_977F_6E39DEBACC3A">
				<di:waypoint x="336" y="182"/>
				<di:waypoint x="443" y="182"/>
			</bpmndi:BPMNEdge>
			<bpmndi:BPMNEdge id="EAID_DL000004_1E4C_4f75_8174_3A252BC03102" bpmnElement="EAID_29D23358_66C3_457e_88E9_DD48322D0423">
				<di:waypoint x="315" y="203"/>
				<di:waypoint x="315" y="271"/>
				<di:waypoint x="443" y="271"/>
			</bpmndi:BPMNEdge>
			<bpmndi:BPMNEdge id="EAID_DL000005_1E4C_4f75_8174_3A252BC03102" bpmnElement="EAID_DA8659AE_AF08_4737_89BC_73FA72A4AE76">
				<di:waypoint x="553" y="98"/>
				<di:waypoint x="694" y="98"/>
				<di:waypoint x="694" y="172"/>
			</bpmndi:BPMNEdge>
			<bpmndi:BPMNEdge id="EAID_DL000006_1E4C_4f75_8174_3A252BC03102" bpmnElement="EAID_23955D21_0C0F_448a_B273_1C3ABC04B178">
				<di:waypoint x="553" y="193"/>
				<di:waypoint x="673" y="193"/>
			</bpmndi:BPMNEdge>
			<bpmndi:BPMNEdge id="EAID_DL000007_1E4C_4f75_8174_3A252BC03102" bpmnElement="EAID_60A29B72_3C61_4bae_A857_4636AF0E8973">
				<di:waypoint x="553" y="296"/>
				<di:waypoint x="694" y="296"/>
				<di:waypoint x="694" y="214"/>
			</bpmndi:BPMNEdge>
			<bpmndi:BPMNEdge id="EAID_DL000008_1E4C_4f75_8174_3A252BC03102" bpmnElement="EAID_1918008E_EC62_4cdf_A115_5890CDEBE62F">
				<di:waypoint x="715" y="193"/>
				<di:waypoint x="813" y="193"/>
			</bpmndi:BPMNEdge>
			<bpmndi:BPMNEdge id="EAID_DL000009_1E4C_4f75_8174_3A252BC03102" bpmnElement="EAID_EF513848_5AB1_4dae_B329_F61A45AAEE1B">
				<di:waypoint x="923" y="193"/>
				<di:waypoint x="1020" y="193"/>
			</bpmndi:BPMNEdge>
			<bpmndi:BPMNEdge id="EAID_DL000010_1E4C_4f75_8174_3A252BC03102" bpmnElement="EAID_820EE82D_51AF_4a58_8691_7F0FCFE926E6">
				<di:waypoint x="1130" y="193"/>
				<di:waypoint x="1204" y="193"/>
			</bpmndi:BPMNEdge>
			<bpmndi:BPMNEdge id="EAID_DL000011_1E4C_4f75_8174_3A252BC03102" bpmnElement="EAID_AFAA4127_1E29_42b2_BC3A_77A8C5726138">
				<di:waypoint x="1225" y="172"/>
				<di:waypoint x="1225" y="23"/>
				<di:waypoint x="166" y="23"/>
				<di:waypoint x="166" y="152"/>
				<bpmndi:BPMNLabel id="EAID_LBL000000_1E29_42b2_BC3A_77A8C5726138" labelStyle="EAID_LS000000_1E4C_4f75_8174_3A252BC03102">
					<dc:Bounds x="145" y="134" width="14" height="14"/>
				</bpmndi:BPMNLabel>
			</bpmndi:BPMNEdge>
			<bpmndi:BPMNEdge id="EAID_DL000012_1E4C_4f75_8174_3A252BC03102" bpmnElement="EAID_8D098487_995A_4c8c_85AC_69B397F2592E">
				<di:waypoint x="1246" y="193"/>
				<di:waypoint x="1305" y="193"/>
				<bpmndi:BPMNLabel id="EAID_LBL000000_995A_4c8c_85AC_69B397F2592E" labelStyle="EAID_LS000000_1E4C_4f75_8174_3A252BC03102">
					<dc:Bounds x="1289" y="175" width="14" height="14"/>
				</bpmndi:BPMNLabel>
			</bpmndi:BPMNEdge>
			<bpmndi:BPMNEdge id="EAID_DL000013_1E4C_4f75_8174_3A252BC03102" bpmnElement="EAID_A8FCD464_D887_4c83_B749_82802D6740E0">
				<di:waypoint x="1326" y="214"/>
				<di:waypoint x="1326" y="365"/>
				<di:waypoint x="1482" y="365"/>
			</bpmndi:BPMNEdge>
			<bpmndi:BPMNEdge id="EAID_DL000014_1E4C_4f75_8174_3A252BC03102" bpmnElement="EAID_12480D8E_C60A_4556_9F55_070B62EBEF38">
				<di:waypoint x="1326" y="214"/>
				<di:waypoint x="1326" y="264"/>
				<di:waypoint x="1482" y="264"/>
			</bpmndi:BPMNEdge>
			<bpmndi:BPMNEdge id="EAID_DL000015_1E4C_4f75_8174_3A252BC03102" bpmnElement="EAID_541D554D_186F_4ec0_B7F5_F0E7F7D86E15">
				<di:waypoint x="1326" y="172"/>
				<di:waypoint x="1326" y="146"/>
				<di:waypoint x="1482" y="146"/>
			</bpmndi:BPMNEdge>
			<bpmndi:BPMNEdge id="EAID_DL000016_1E4C_4f75_8174_3A252BC03102" bpmnElement="EAID_544938A2_A98A_44bc_98F2_9441008C082D">
				<di:waypoint x="1326" y="172"/>
				<di:waypoint x="1326" y="49"/>
				<di:waypoint x="1482" y="49"/>
			</bpmndi:BPMNEdge>
			<bpmndi:BPMNEdge id="EAID_DL000017_1E4C_4f75_8174_3A252BC03102" bpmnElement="EAID_77091C3D_4D32_4828_A827_21A5D0E8FB55">
				<di:waypoint x="1592" y="46"/>
				<di:waypoint x="1707" y="46"/>
				<di:waypoint x="1707" y="175"/>
			</bpmndi:BPMNEdge>
			<bpmndi:BPMNEdge id="EAID_DL000018_1E4C_4f75_8174_3A252BC03102" bpmnElement="EAID_F03982B7_F34D_4a60_9D00_6D0B18961E25">
				<di:waypoint x="1592" y="130"/>
				<di:waypoint x="1707" y="130"/>
				<di:waypoint x="1707" y="175"/>
			</bpmndi:BPMNEdge>
			<bpmndi:BPMNEdge id="EAID_DL000019_1E4C_4f75_8174_3A252BC03102" bpmnElement="EAID_F28A72F9_22FC_4c5d_A540_37563B1602FD">
				<di:waypoint x="1592" y="264"/>
				<di:waypoint x="1707" y="264"/>
				<di:waypoint x="1707" y="217"/>
			</bpmndi:BPMNEdge>
			<bpmndi:BPMNEdge id="EAID_DL000020_1E4C_4f75_8174_3A252BC03102" bpmnElement="EAID_26145457_F0B0_4dcc_B5D2_AE67328113B5">
				<di:waypoint x="1592" y="369"/>
				<di:waypoint x="1710" y="369"/>
				<di:waypoint x="1707" y="217"/>
			</bpmndi:BPMNEdge>
			<bpmndi:BPMNEdge id="EAID_DL000021_1E4C_4f75_8174_3A252BC03102" bpmnElement="EAID_67A26CED_E19F_4dcf_AEFF_950D678B21E9">
				<di:waypoint x="1728" y="196"/>
				<di:waypoint x="1798" y="196"/>
			</bpmndi:BPMNEdge>
			<bpmndi:BPMNEdge id="EAID_DL000022_1E4C_4f75_8174_3A252BC03102" bpmnElement="EAID_2FAA5790_5224_4199_91C3_C7C2A8F00965">
				<di:waypoint x="1908" y="195"/>
				<di:waypoint x="1980" y="195"/>
			</bpmndi:BPMNEdge>
		</bpmndi:BPMNPlane>
		<bpmndi:BPMNLabelStyle id="EAID_LS000000_1E4C_4f75_8174_3A252BC03102">
			<dc:Font name="Calibri" size="8" isBold="false" isItalic="false" isUnderline="false" isStrikeThrough="false"/>
		</bpmndi:BPMNLabelStyle>
	</bpmndi:BPMNDiagram>
	<bpmndi:BPMNDiagram id="EAID_99D6BA49_4D40_4f44_8FAD_2D77811B015E" name="Requirement Engineer">
		<bpmndi:BPMNPlane id="EAID_PL000000_4D40_4f44_8FAD_2D77811B015E" bpmnElement="EAID_2585A61F_403D_4322_BCCA_0F8891B8DF75">
			<bpmndi:BPMNShape id="EAID_DO000000_4D40_4f44_8FAD_2D77811B015E" bpmnElement="EAID_BBB53162_95A7_4d19_9819_2B30BA4847EB">
				<dc:Bounds x="31" y="126" width="30" height="30"/>
				<bpmndi:BPMNLabel id="EAID_LBL000000_95A7_4d19_9819_2B30BA4847EB" labelStyle="EAID_LS000000_4D40_4f44_8FAD_2D77811B015E">
					<dc:Bounds x="32" y="166" width="33" height="15"/>
				</bpmndi:BPMNLabel>
			</bpmndi:BPMNShape>
			<bpmndi:BPMNShape id="EAID_DO000001_4D40_4f44_8FAD_2D77811B015E" bpmnElement="EAID_CA06579D_D08A_4a04_8C43_2767780FDA26">
				<dc:Bounds x="126" y="111" width="110" height="60"/>
				<bpmndi:BPMNLabel id="EAID_LBL000000_D08A_4a04_8C43_2767780FDA26" labelStyle="EAID_LS000000_4D40_4f44_8FAD_2D77811B015E"/>
			</bpmndi:BPMNShape>
			<bpmndi:BPMNShape id="EAID_DO000002_4D40_4f44_8FAD_2D77811B015E" bpmnElement="EAID_F1DD557D_25D0_4178_89F6_9DD14E2C2894">
				<dc:Bounds x="289" y="126" width="30" height="30"/>
				<bpmndi:BPMNLabel id="EAID_LBL000000_25D0_4178_89F6_9DD14E2C2894" labelStyle="EAID_LS000000_4D40_4f44_8FAD_2D77811B015E">
					<dc:Bounds x="290" y="166" width="23" height="15"/>
				</bpmndi:BPMNLabel>
			</bpmndi:BPMNShape>
			<bpmndi:BPMNShape id="EAID_DO000003_4D40_4f44_8FAD_2D77811B015E" bpmnElement="EAID_559BBC15_5F2E_4c55_94BB_D05F5661E84F">
				<dc:Bounds x="378" y="111" width="110" height="60"/>
				<bpmndi:BPMNLabel id="EAID_LBL000000_5F2E_4c55_94BB_D05F5661E84F" labelStyle="EAID_LS000000_4D40_4f44_8FAD_2D77811B015E"/>
			</bpmndi:BPMNShape>
			<bpmndi:BPMNShape id="EAID_DO000004_4D40_4f44_8FAD_2D77811B015E" bpmnElement="EAID_4A60C36A_598E_4789_85D6_18C471706D4F">
				<dc:Bounds x="556" y="120" width="42" height="42"/>
			</bpmndi:BPMNShape>
			<bpmndi:BPMNShape id="EAID_DO000005_4D40_4f44_8FAD_2D77811B015E" bpmnElement="EAID_3986FD63_5432_42eb_BA6A_F8D8909E180E">
				<dc:Bounds x="691" y="21" width="110" height="60"/>
				<bpmndi:BPMNLabel id="EAID_LBL000000_5432_42eb_BA6A_F8D8909E180E" labelStyle="EAID_LS000000_4D40_4f44_8FAD_2D77811B015E"/>
			</bpmndi:BPMNShape>
			<bpmndi:BPMNShape id="EAID_DO000006_4D40_4f44_8FAD_2D77811B015E" bpmnElement="EAID_7A4BB18C_0533_4b8a_88C8_369A88517A79">
				<dc:Bounds x="691" y="111" width="110" height="60"/>
				<bpmndi:BPMNLabel id="EAID_LBL000000_0533_4b8a_88C8_369A88517A79" labelStyle="EAID_LS000000_4D40_4f44_8FAD_2D77811B015E"/>
			</bpmndi:BPMNShape>
			<bpmndi:BPMNShape id="EAID_DO000007_4D40_4f44_8FAD_2D77811B015E" bpmnElement="EAID_985A9DD2_9BE9_4cb4_98AF_EE48B3FF3245">
				<dc:Bounds x="691" y="205" width="110" height="60"/>
				<bpmndi:BPMNLabel id="EAID_LBL000000_9BE9_4cb4_98AF_EE48B3FF3245" labelStyle="EAID_LS000000_4D40_4f44_8FAD_2D77811B015E"/>
			</bpmndi:BPMNShape>
			<bpmndi:BPMNShape id="EAID_DO000008_4D40_4f44_8FAD_2D77811B015E" bpmnElement="EAID_5F7FB316_DA0A_4fc4_95BC_5DE3E7FB35D6">
				<dc:Bounds x="901" y="120" width="42" height="42"/>
			</bpmndi:BPMNShape>
			<bpmndi:BPMNShape id="EAID_DO000009_4D40_4f44_8FAD_2D77811B015E" bpmnElement="EAID_86B96386_5E4F_42f0_931D_BE65C2E54D67">
				<dc:Bounds x="997" y="111" width="110" height="60"/>
				<bpmndi:BPMNLabel id="EAID_LBL000000_5E4F_42f0_931D_BE65C2E54D67" labelStyle="EAID_LS000000_4D40_4f44_8FAD_2D77811B015E"/>
			</bpmndi:BPMNShape>
			<bpmndi:BPMNShape id="EAID_DO000010_4D40_4f44_8FAD_2D77811B015E" bpmnElement="EAID_C2378CB3_C60D_469f_B47D_3578B24D9C83" isMarkerVisible="false">
				<dc:Bounds x="1157" y="120" width="42" height="42"/>
			</bpmndi:BPMNShape>
			<bpmndi:BPMNShape id="EAID_DO000011_4D40_4f44_8FAD_2D77811B015E" bpmnElement="EAID_4F2CA716_A3D4_4efa_AEDE_546A3C50739F">
				<dc:Bounds x="1263" y="111" width="110" height="60"/>
				<bpmndi:BPMNLabel id="EAID_LBL000000_A3D4_4efa_AEDE_546A3C50739F" labelStyle="EAID_LS000000_4D40_4f44_8FAD_2D77811B015E"/>
			</bpmndi:BPMNShape>
			<bpmndi:BPMNShape id="EAID_DO000012_4D40_4f44_8FAD_2D77811B015E" bpmnElement="EAID_ED6BB30C_7526_4f80_BAF6_D15F29F8D3CB">
				<dc:Bounds x="1123" y="196" width="110" height="60"/>
				<bpmndi:BPMNLabel id="EAID_LBL000000_7526_4f80_BAF6_D15F29F8D3CB" labelStyle="EAID_LS000000_4D40_4f44_8FAD_2D77811B015E"/>
			</bpmndi:BPMNShape>
			<bpmndi:BPMNShape id="EAID_DO000013_4D40_4f44_8FAD_2D77811B015E" bpmnElement="EAID_5D12F285_7A3C_477a_963F_8C5DE3D7D773">
				<dc:Bounds x="1435" y="126" width="30" height="30"/>
				<bpmndi:BPMNLabel id="EAID_LBL000000_7A3C_477a_963F_8C5DE3D7D773" labelStyle="EAID_LS000000_4D40_4f44_8FAD_2D77811B015E">
					<dc:Bounds x="1436" y="166" width="27" height="15"/>
				</bpmndi:BPMNLabel>
			</bpmndi:BPMNShape>
			<bpmndi:BPMNShape id="EAID_DO000014_4D40_4f44_8FAD_2D77811B015E" bpmnElement="EAID_D0AD26F8_6783_4ba6_ABA0_9FB1FFD66681">
				<dc:Bounds x="1530" y="111" width="110" height="60"/>
				<bpmndi:BPMNLabel id="EAID_LBL000000_6783_4ba6_ABA0_9FB1FFD66681" labelStyle="EAID_LS000000_4D40_4f44_8FAD_2D77811B015E"/>
			</bpmndi:BPMNShape>
			<bpmndi:BPMNShape id="EAID_DO000015_4D40_4f44_8FAD_2D77811B015E" bpmnElement="EAID_445E2B12_731B_432d_8DA7_F94BC485B834">
				<dc:Bounds x="1710" y="111" width="110" height="60"/>
				<bpmndi:BPMNLabel id="EAID_LBL000000_731B_432d_8DA7_F94BC485B834" labelStyle="EAID_LS000000_4D40_4f44_8FAD_2D77811B015E"/>
			</bpmndi:BPMNShape>
			<bpmndi:BPMNShape id="EAID_DO000016_4D40_4f44_8FAD_2D77811B015E" bpmnElement="EAID_1EEE370A_1DDA_4180_A8FE_E637BB6E9308">
				<dc:Bounds x="1909" y="111" width="110" height="60"/>
				<bpmndi:BPMNLabel id="EAID_LBL000000_1DDA_4180_A8FE_E637BB6E9308" labelStyle="EAID_LS000000_4D40_4f44_8FAD_2D77811B015E"/>
			</bpmndi:BPMNShape>
			<bpmndi:BPMNShape id="EAID_DO000017_4D40_4f44_8FAD_2D77811B015E" bpmnElement="EAID_9C867D92_DB84_442f_965D_7FA43EA68304" isMarkerVisible="false">
				<dc:Bounds x="2096" y="120" width="42" height="42"/>
			</bpmndi:BPMNShape>
			<bpmndi:BPMNShape id="EAID_DO000018_4D40_4f44_8FAD_2D77811B015E" bpmnElement="EAID_3B4A90C6_87C2_453d_8FA2_0A236D91B870">
				<dc:Bounds x="2232" y="111" width="110" height="60"/>
				<bpmndi:BPMNLabel id="EAID_LBL000000_87C2_453d_8FA2_0A236D91B870" labelStyle="EAID_LS000000_4D40_4f44_8FAD_2D77811B015E"/>
			</bpmndi:BPMNShape>
			<bpmndi:BPMNShape id="EAID_DO000019_4D40_4f44_8FAD_2D77811B015E" bpmnElement="EAID_7BC386B2_B835_4ca0_A88D_B972C7AA9B5D">
				<dc:Bounds x="2427" y="126" width="30" height="30"/>
				<bpmndi:BPMNLabel id="EAID_LBL000000_B835_4ca0_A88D_B972C7AA9B5D" labelStyle="EAID_LS000000_4D40_4f44_8FAD_2D77811B015E">
					<dc:Bounds x="2428" y="166" width="31" height="15"/>
				</bpmndi:BPMNLabel>
			</bpmndi:BPMNShape>
			<bpmndi:BPMNEdge id="EAID_DL000000_4D40_4f44_8FAD_2D77811B015E" bpmnElement="EAID_1AD87E5A_383E_4540_B7CC_CB5F3BA7AFE1">
				<di:waypoint x="61" y="141"/>
				<di:waypoint x="126" y="141"/>
			</bpmndi:BPMNEdge>
			<bpmndi:BPMNEdge id="EAID_DL000001_4D40_4f44_8FAD_2D77811B015E" bpmnElement="EAID_4A08CDCC_E003_4654_8D9D_13F376457D76">
				<di:waypoint x="236" y="141"/>
				<di:waypoint x="289" y="141"/>
			</bpmndi:BPMNEdge>
			<bpmndi:BPMNEdge id="EAID_DL000002_4D40_4f44_8FAD_2D77811B015E" bpmnElement="EAID_6659A812_908D_4d92_8A46_6472B705D91C">
				<di:waypoint x="319" y="141"/>
				<di:waypoint x="378" y="141"/>
			</bpmndi:BPMNEdge>
			<bpmndi:BPMNEdge id="EAID_DL000003_4D40_4f44_8FAD_2D77811B015E" bpmnElement="EAID_2CA6B7A2_92B1_4e8c_88FA_A5FEC3BBEFE7">
				<di:waypoint x="488" y="141"/>
				<di:waypoint x="556" y="141"/>
			</bpmndi:BPMNEdge>
			<bpmndi:BPMNEdge id="EAID_DL000004_4D40_4f44_8FAD_2D77811B015E" bpmnElement="EAID_2C17EF09_6908_4e46_901D_366CC6A0116D">
				<di:waypoint x="577" y="120"/>
				<di:waypoint x="577" y="50"/>
				<di:waypoint x="691" y="50"/>
			</bpmndi:BPMNEdge>
			<bpmndi:BPMNEdge id="EAID_DL000005_4D40_4f44_8FAD_2D77811B015E" bpmnElement="EAID_14F58D20_71CE_40d8_BFD7_F056B979A369">
				<di:waypoint x="598" y="141"/>
				<di:waypoint x="691" y="141"/>
			</bpmndi:BPMNEdge>
			<bpmndi:BPMNEdge id="EAID_DL000006_4D40_4f44_8FAD_2D77811B015E" bpmnElement="EAID_E8B3AA37_830D_4327_A2C6_3DA9C30E62E8">
				<di:waypoint x="577" y="162"/>
				<di:waypoint x="577" y="229"/>
				<di:waypoint x="691" y="229"/>
			</bpmndi:BPMNEdge>
			<bpmndi:BPMNEdge id="EAID_DL000007_4D40_4f44_8FAD_2D77811B015E" bpmnElement="EAID_127AE29C_A53C_4a47_BF60_EA712A7B39AB">
				<di:waypoint x="801" y="52"/>
				<di:waypoint x="922" y="52"/>
				<di:waypoint x="922" y="120"/>
			</bpmndi:BPMNEdge>
			<bpmndi:BPMNEdge id="EAID_DL000008_4D40_4f44_8FAD_2D77811B015E" bpmnElement="EAID_0191AB5A_7709_4ce3_A16C_166F575D9A6A">
				<di:waypoint x="801" y="141"/>
				<di:waypoint x="901" y="141"/>
			</bpmndi:BPMNEdge>
			<bpmndi:BPMNEdge id="EAID_DL000009_4D40_4f44_8FAD_2D77811B015E" bpmnElement="EAID_31A5650E_8025_47b1_B7A7_8B1BFCEC5644">
				<di:waypoint x="801" y="241"/>
				<di:waypoint x="920" y="241"/>
				<di:waypoint x="922" y="162"/>
			</bpmndi:BPMNEdge>
			<bpmndi:BPMNEdge id="EAID_DL000010_4D40_4f44_8FAD_2D77811B015E" bpmnElement="EAID_D2DDCC09_D526_4ef7_91A3_E1E85C5814CA">
				<di:waypoint x="943" y="141"/>
				<di:waypoint x="997" y="141"/>
			</bpmndi:BPMNEdge>
			<bpmndi:BPMNEdge id="EAID_DL000011_4D40_4f44_8FAD_2D77811B015E" bpmnElement="EAID_72621E54_1322_4c22_96EA_EC7470C0985C">
				<di:waypoint x="1107" y="141"/>
				<di:waypoint x="1157" y="141"/>
			</bpmndi:BPMNEdge>
			<bpmndi:BPMNEdge id="EAID_DL000012_4D40_4f44_8FAD_2D77811B015E" bpmnElement="EAID_8D062182_C5F5_4526_87FC_E1B8BFDB7FD6">
				<di:waypoint x="1199" y="141"/>
				<di:waypoint x="1263" y="141"/>
				<bpmndi:BPMNLabel id="EAID_LBL000000_C5F5_4526_87FC_E1B8BFDB7FD6" labelStyle="EAID_LS000000_4D40_4f44_8FAD_2D77811B015E">
					<dc:Bounds x="1247" y="123" width="14" height="14"/>
				</bpmndi:BPMNLabel>
			</bpmndi:BPMNEdge>
			<bpmndi:BPMNEdge id="EAID_DL000013_4D40_4f44_8FAD_2D77811B015E" bpmnElement="EAID_13103B91_94A6_4df3_91B2_15DC6330FF98">
				<di:waypoint x="1178" y="162"/>
				<di:waypoint x="1178" y="196"/>
				<bpmndi:BPMNLabel id="EAID_LBL000000_94A6_4df3_91B2_15DC6330FF98" labelStyle="EAID_LS000000_4D40_4f44_8FAD_2D77811B015E">
					<dc:Bounds x="1157" y="178" width="14" height="14"/>
				</bpmndi:BPMNLabel>
			</bpmndi:BPMNEdge>
			<bpmndi:BPMNEdge id="EAID_DL000014_4D40_4f44_8FAD_2D77811B015E" bpmnElement="EAID_76711AC6_F701_4900_8510_E26B6FDFDEF5">
				<di:waypoint x="1373" y="141"/>
				<di:waypoint x="1435" y="141"/>
			</bpmndi:BPMNEdge>
			<bpmndi:BPMNEdge id="EAID_DL000015_4D40_4f44_8FAD_2D77811B015E" bpmnElement="EAID_58EDB58A_A591_46d4_917A_999DF39AC42D">
				<di:waypoint x="1233" y="226"/>
				<di:waypoint x="1318" y="226"/>
				<di:waypoint x="1318" y="171"/>
			</bpmndi:BPMNEdge>
			<bpmndi:BPMNEdge id="EAID_DL000016_4D40_4f44_8FAD_2D77811B015E" bpmnElement="EAID_97D84A43_DE66_48da_A44B_99887C42A057">
				<di:waypoint x="1465" y="141"/>
				<di:waypoint x="1530" y="141"/>
			</bpmndi:BPMNEdge>
			<bpmndi:BPMNEdge id="EAID_DL000017_4D40_4f44_8FAD_2D77811B015E" bpmnElement="EAID_6A93AF77_BE5D_4a77_84BC_225E9C9950A3">
				<di:waypoint x="1640" y="141"/>
				<di:waypoint x="1710" y="141"/>
			</bpmndi:BPMNEdge>
			<bpmndi:BPMNEdge id="EAID_DL000018_4D40_4f44_8FAD_2D77811B015E" bpmnElement="EAID_B7CBD39F_0FDE_4220_84FC_A98E16C7D836">
				<di:waypoint x="1820" y="141"/>
				<di:waypoint x="1909" y="141"/>
			</bpmndi:BPMNEdge>
			<bpmndi:BPMNEdge id="EAID_DL000019_4D40_4f44_8FAD_2D77811B015E" bpmnElement="EAID_C55C76C6_84F6_4428_A84B_2CD5FA94A85C">
				<di:waypoint x="2019" y="141"/>
				<di:waypoint x="2096" y="141"/>
			</bpmndi:BPMNEdge>
			<bpmndi:BPMNEdge id="EAID_DL000020_4D40_4f44_8FAD_2D77811B015E" bpmnElement="EAID_AF89CE3C_03D7_4c57_80FA_F8E2E1BC7151">
				<di:waypoint x="2117" y="120"/>
				<di:waypoint x="2117" y="69"/>
				<di:waypoint x="1588" y="69"/>
				<di:waypoint x="1588" y="111"/>
				<bpmndi:BPMNLabel id="EAID_LBL000000_03D7_4c57_80FA_F8E2E1BC7151" labelStyle="EAID_LS000000_4D40_4f44_8FAD_2D77811B015E">
					<dc:Bounds x="1567" y="93" width="14" height="14"/>
				</bpmndi:BPMNLabel>
			</bpmndi:BPMNEdge>
			<bpmndi:BPMNEdge id="EAID_DL000021_4D40_4f44_8FAD_2D77811B015E" bpmnElement="EAID_6C895E28_56B1_4e27_9D8B_83C042732BBD">
				<di:waypoint x="2138" y="141"/>
				<di:waypoint x="2232" y="141"/>
				<bpmndi:BPMNLabel id="EAID_LBL000000_56B1_4e27_9D8B_83C042732BBD" labelStyle="EAID_LS000000_4D40_4f44_8FAD_2D77811B015E">
					<dc:Bounds x="2216" y="123" width="14" height="14"/>
				</bpmndi:BPMNLabel>
			</bpmndi:BPMNEdge>
			<bpmndi:BPMNEdge id="EAID_DL000022_4D40_4f44_8FAD_2D77811B015E" bpmnElement="EAID_9669158A_381C_4dcd_806B_F274D4B7E64A">
				<di:waypoint x="2342" y="141"/>
				<di:waypoint x="2427" y="141"/>
			</bpmndi:BPMNEdge>
		</bpmndi:BPMNPlane>
		<bpmndi:BPMNLabelStyle id="EAID_LS000000_4D40_4f44_8FAD_2D77811B015E">
			<dc:Font name="Calibri" size="8" isBold="false" isItalic="false" isUnderline="false" isStrikeThrough="false"/>
		</bpmndi:BPMNLabelStyle>
	</bpmndi:BPMNDiagram>
	<bpmndi:BPMNDiagram id="EAID_4E1D9A7C_5D7E_4bf0_87FC_0E0B858F0259" name="Developer">
		<bpmndi:BPMNPlane id="EAID_PL000000_5D7E_4bf0_87FC_0E0B858F0259" bpmnElement="EAID_7097A04D_2C07_42ff_90E3_14581CA2BD0E">
			<bpmndi:BPMNShape id="EAID_DO000000_5D7E_4bf0_87FC_0E0B858F0259" bpmnElement="EAID_8A97C070_F648_410a_A6FD_03085D667C9B">
				<dc:Bounds x="59" y="127" width="30" height="30"/>
				<bpmndi:BPMNLabel id="EAID_LBL000000_F648_410a_A6FD_03085D667C9B" labelStyle="EAID_LS000000_5D7E_4bf0_87FC_0E0B858F0259">
					<dc:Bounds x="60" y="167" width="40" height="15"/>
				</bpmndi:BPMNLabel>
			</bpmndi:BPMNShape>
			<bpmndi:BPMNShape id="EAID_DO000001_5D7E_4bf0_87FC_0E0B858F0259" bpmnElement="EAID_ED79EF81_8435_40d6_8FF2_553B26DF7DC2">
				<dc:Bounds x="158" y="112" width="110" height="60"/>
				<bpmndi:BPMNLabel id="EAID_LBL000000_8435_40d6_8FF2_553B26DF7DC2" labelStyle="EAID_LS000000_5D7E_4bf0_87FC_0E0B858F0259"/>
			</bpmndi:BPMNShape>
			<bpmndi:BPMNShape id="EAID_DO000002_5D7E_4bf0_87FC_0E0B858F0259" bpmnElement="EAID_F05B26E1_160F_47c8_893C_C600C20A73F1">
				<dc:Bounds x="317" y="126" width="30" height="30"/>
				<bpmndi:BPMNLabel id="EAID_LBL000000_160F_47c8_893C_C600C20A73F1" labelStyle="EAID_LS000000_5D7E_4bf0_87FC_0E0B858F0259">
					<dc:Bounds x="318" y="166" width="27" height="15"/>
				</bpmndi:BPMNLabel>
			</bpmndi:BPMNShape>
			<bpmndi:BPMNShape id="EAID_DO000003_5D7E_4bf0_87FC_0E0B858F0259" bpmnElement="EAID_04DE58C3_F16B_4d20_AD9C_BC3B8D02D755">
				<dc:Bounds x="405" y="111" width="110" height="60"/>
				<bpmndi:BPMNLabel id="EAID_LBL000000_F16B_4d20_AD9C_BC3B8D02D755" labelStyle="EAID_LS000000_5D7E_4bf0_87FC_0E0B858F0259"/>
			</bpmndi:BPMNShape>
			<bpmndi:BPMNShape id="EAID_DO000004_5D7E_4bf0_87FC_0E0B858F0259" bpmnElement="EAID_F2BA239B_E8C7_469f_82A8_3A62A13645B1">
				<dc:Bounds x="579" y="120" width="42" height="42"/>
			</bpmndi:BPMNShape>
			<bpmndi:BPMNShape id="EAID_DO000005_5D7E_4bf0_87FC_0E0B858F0259" bpmnElement="EAID_DC763283_8929_4548_8FD8_9A18563319F6">
				<dc:Bounds x="692" y="24" width="110" height="60"/>
				<bpmndi:BPMNLabel id="EAID_LBL000000_8929_4548_8FD8_9A18563319F6" labelStyle="EAID_LS000000_5D7E_4bf0_87FC_0E0B858F0259"/>
			</bpmndi:BPMNShape>
			<bpmndi:BPMNShape id="EAID_DO000006_5D7E_4bf0_87FC_0E0B858F0259" bpmnElement="EAID_44755351_1005_4723_884C_AFEE0F832EAE">
				<dc:Bounds x="693" y="111" width="110" height="60"/>
				<bpmndi:BPMNLabel id="EAID_LBL000000_1005_4723_884C_AFEE0F832EAE" labelStyle="EAID_LS000000_5D7E_4bf0_87FC_0E0B858F0259"/>
			</bpmndi:BPMNShape>
			<bpmndi:BPMNShape id="EAID_DO000007_5D7E_4bf0_87FC_0E0B858F0259" bpmnElement="EAID_483FA137_2973_45ed_A092_85E91BF512C2">
				<dc:Bounds x="693" y="208" width="110" height="60"/>
				<bpmndi:BPMNLabel id="EAID_LBL000000_2973_45ed_A092_85E91BF512C2" labelStyle="EAID_LS000000_5D7E_4bf0_87FC_0E0B858F0259"/>
			</bpmndi:BPMNShape>
			<bpmndi:BPMNShape id="EAID_DO000008_5D7E_4bf0_87FC_0E0B858F0259" bpmnElement="EAID_944A08BE_B0B1_4c2a_B798_4BB70F7C30FE">
				<dc:Bounds x="915" y="111" width="42" height="42"/>
			</bpmndi:BPMNShape>
			<bpmndi:BPMNShape id="EAID_DO000009_5D7E_4bf0_87FC_0E0B858F0259" bpmnElement="EAID_C95F3911_E04D_4194_8343_87A390EA3660">
				<dc:Bounds x="1014" y="96" width="110" height="60"/>
				<bpmndi:BPMNLabel id="EAID_LBL000000_E04D_4194_8343_87A390EA3660" labelStyle="EAID_LS000000_5D7E_4bf0_87FC_0E0B858F0259"/>
			</bpmndi:BPMNShape>
			<bpmndi:BPMNShape id="EAID_DO000010_5D7E_4bf0_87FC_0E0B858F0259" bpmnElement="EAID_9D7E9F21_55F1_4209_91EC_295F48A180FA" isMarkerVisible="false">
				<dc:Bounds x="1198" y="105" width="42" height="42"/>
			</bpmndi:BPMNShape>
			<bpmndi:BPMNShape id="EAID_DO000011_5D7E_4bf0_87FC_0E0B858F0259" bpmnElement="EAID_492610ED_CE82_4218_AC15_88DEB9F9E10B">
				<dc:Bounds x="1321" y="87" width="110" height="60"/>
				<bpmndi:BPMNLabel id="EAID_LBL000000_CE82_4218_AC15_88DEB9F9E10B" labelStyle="EAID_LS000000_5D7E_4bf0_87FC_0E0B858F0259"/>
			</bpmndi:BPMNShape>
			<bpmndi:BPMNShape id="EAID_DO000012_5D7E_4bf0_87FC_0E0B858F0259" bpmnElement="EAID_7F3CD6A5_87D4_4118_AD6C_C346C848ED59">
				<dc:Bounds x="1504" y="102" width="30" height="30"/>
				<bpmndi:BPMNLabel id="EAID_LBL000000_87D4_4118_AD6C_C346C848ED59" labelStyle="EAID_LS000000_5D7E_4bf0_87FC_0E0B858F0259">
					<dc:Bounds x="1505" y="142" width="32" height="15"/>
				</bpmndi:BPMNLabel>
			</bpmndi:BPMNShape>
			<bpmndi:BPMNShape id="EAID_DO000013_5D7E_4bf0_87FC_0E0B858F0259" bpmnElement="EAID_89221DBA_1543_4046_816A_B126E58CE11F">
				<dc:Bounds x="1465" y="346" width="110" height="60"/>
				<bpmndi:BPMNLabel id="EAID_LBL000000_1543_4046_816A_B126E58CE11F" labelStyle="EAID_LS000000_5D7E_4bf0_87FC_0E0B858F0259"/>
			</bpmndi:BPMNShape>
			<bpmndi:BPMNShape id="EAID_DO000014_5D7E_4bf0_87FC_0E0B858F0259" bpmnElement="EAID_9C653A3F_1089_4e26_87F1_C5B4947C2B68">
				<dc:Bounds x="1238" y="346" width="110" height="60"/>
				<bpmndi:BPMNLabel id="EAID_LBL000000_1089_4e26_87F1_C5B4947C2B68" labelStyle="EAID_LS000000_5D7E_4bf0_87FC_0E0B858F0259"/>
			</bpmndi:BPMNShape>
			<bpmndi:BPMNShape id="EAID_DO000015_5D7E_4bf0_87FC_0E0B858F0259" bpmnElement="EAID_FD9D1F25_17A2_483f_B417_7AC41CD694A8">
				<dc:Bounds x="1111" y="361" width="30" height="30"/>
				<bpmndi:BPMNLabel id="EAID_LBL000000_17A2_483f_B417_7AC41CD694A8" labelStyle="EAID_LS000000_5D7E_4bf0_87FC_0E0B858F0259">
					<dc:Bounds x="1112" y="401" width="26" height="15"/>
				</bpmndi:BPMNLabel>
			</bpmndi:BPMNShape>
			<bpmndi:BPMNShape id="EAID_DO000016_5D7E_4bf0_87FC_0E0B858F0259" bpmnElement="EAID_5B17B256_AD92_4f71_9657_1B87AE425A4E">
				<dc:Bounds x="927" y="346" width="110" height="60"/>
				<bpmndi:BPMNLabel id="EAID_LBL000000_AD92_4f71_9657_1B87AE425A4E" labelStyle="EAID_LS000000_5D7E_4bf0_87FC_0E0B858F0259"/>
			</bpmndi:BPMNShape>
			<bpmndi:BPMNShape id="EAID_DO000017_5D7E_4bf0_87FC_0E0B858F0259" bpmnElement="EAID_A617D308_7E18_4e24_8033_8D6259D3BFAD" isMarkerVisible="false">
				<dc:Bounds x="803" y="355" width="42" height="42"/>
			</bpmndi:BPMNShape>
			<bpmndi:BPMNShape id="EAID_DO000018_5D7E_4bf0_87FC_0E0B858F0259" bpmnElement="EAID_B2DFA37E_4073_4a10_A8CF_04C339B98955">
				<dc:Bounds x="662" y="362" width="30" height="30"/>
				<bpmndi:BPMNLabel id="EAID_LBL000000_4073_4a10_A8CF_04C339B98955" labelStyle="EAID_LS000000_5D7E_4bf0_87FC_0E0B858F0259">
					<dc:Bounds x="663" y="402" width="36" height="15"/>
				</bpmndi:BPMNLabel>
			</bpmndi:BPMNShape>
			<bpmndi:BPMNEdge id="EAID_DL000000_5D7E_4bf0_87FC_0E0B858F0259" bpmnElement="EAID_89BA3B59_DAE2_461b_B675_499773040718">
				<di:waypoint x="89" y="142"/>
				<di:waypoint x="158" y="142"/>
			</bpmndi:BPMNEdge>
			<bpmndi:BPMNEdge id="EAID_DL000001_5D7E_4bf0_87FC_0E0B858F0259" bpmnElement="EAID_77EE3856_13B8_4898_826B_3AF2D9C0F240">
				<di:waypoint x="268" y="141"/>
				<di:waypoint x="317" y="141"/>
			</bpmndi:BPMNEdge>
			<bpmndi:BPMNEdge id="EAID_DL000002_5D7E_4bf0_87FC_0E0B858F0259" bpmnElement="EAID_4EFAD443_25D0_465f_A718_3A4852785C88">
				<di:waypoint x="347" y="141"/>
				<di:waypoint x="405" y="141"/>
			</bpmndi:BPMNEdge>
			<bpmndi:BPMNEdge id="EAID_DL000003_5D7E_4bf0_87FC_0E0B858F0259" bpmnElement="EAID_657858B6_8479_4717_A772_442DFACDD17B">
				<di:waypoint x="515" y="141"/>
				<di:waypoint x="579" y="141"/>
			</bpmndi:BPMNEdge>
			<bpmndi:BPMNEdge id="EAID_DL000004_5D7E_4bf0_87FC_0E0B858F0259" bpmnElement="EAID_0656DAC3_90D4_4e73_BC92_7A882B3F8C81">
				<di:waypoint x="600" y="120"/>
				<di:waypoint x="600" y="53"/>
				<di:waypoint x="692" y="53"/>
			</bpmndi:BPMNEdge>
			<bpmndi:BPMNEdge id="EAID_DL000005_5D7E_4bf0_87FC_0E0B858F0259" bpmnElement="EAID_9EE0D094_C618_42e0_81F0_2CB10D22D9D7">
				<di:waypoint x="621" y="141"/>
				<di:waypoint x="693" y="141"/>
			</bpmndi:BPMNEdge>
			<bpmndi:BPMNEdge id="EAID_DL000006_5D7E_4bf0_87FC_0E0B858F0259" bpmnElement="EAID_CAAD185E_6746_476c_B1CC_9F7CEAE4A72B">
				<di:waypoint x="600" y="162"/>
				<di:waypoint x="600" y="235"/>
				<di:waypoint x="693" y="235"/>
			</bpmndi:BPMNEdge>
			<bpmndi:BPMNEdge id="EAID_DL000007_5D7E_4bf0_87FC_0E0B858F0259" bpmnElement="EAID_733CA136_A34B_45a9_9B88_C8155692BDAD">
				<di:waypoint x="802" y="50"/>
				<di:waypoint x="936" y="50"/>
				<di:waypoint x="936" y="111"/>
			</bpmndi:BPMNEdge>
			<bpmndi:BPMNEdge id="EAID_DL000008_5D7E_4bf0_87FC_0E0B858F0259" bpmnElement="EAID_982A9631_0788_4fa6_B29D_FDCF3F683D3A">
				<di:waypoint x="803" y="132"/>
				<di:waypoint x="915" y="132"/>
			</bpmndi:BPMNEdge>
			<bpmndi:BPMNEdge id="EAID_DL000009_5D7E_4bf0_87FC_0E0B858F0259" bpmnElement="EAID_D3963766_238A_4a70_B561_4C2ADB3FC0DA">
				<di:waypoint x="803" y="241"/>
				<di:waypoint x="938" y="241"/>
				<di:waypoint x="936" y="153"/>
			</bpmndi:BPMNEdge>
			<bpmndi:BPMNEdge id="EAID_DL000010_5D7E_4bf0_87FC_0E0B858F0259" bpmnElement="EAID_F84D74F5_ABB3_4af6_BB9E_BE31F9990001">
				<di:waypoint x="957" y="132"/>
				<di:waypoint x="1014" y="132"/>
			</bpmndi:BPMNEdge>
			<bpmndi:BPMNEdge id="EAID_DL000011_5D7E_4bf0_87FC_0E0B858F0259" bpmnElement="EAID_C88EF001_6364_4021_8712_026D84AFFFE7">
				<di:waypoint x="1124" y="126"/>
				<di:waypoint x="1198" y="126"/>
			</bpmndi:BPMNEdge>
			<bpmndi:BPMNEdge id="EAID_DL000012_5D7E_4bf0_87FC_0E0B858F0259" bpmnElement="EAID_3624E256_1BC8_42eb_A8B1_3CB6423247A6">
				<di:waypoint x="1219" y="147"/>
				<di:waypoint x="1219" y="295"/>
				<di:waypoint x="465" y="295"/>
				<di:waypoint x="465" y="171"/>
				<bpmndi:BPMNLabel id="EAID_LBL000000_1BC8_42eb_A8B1_3CB6423247A6" labelStyle="EAID_LS000000_5D7E_4bf0_87FC_0E0B858F0259">
					<dc:Bounds x="444" y="176" width="14" height="14"/>
				</bpmndi:BPMNLabel>
			</bpmndi:BPMNEdge>
			<bpmndi:BPMNEdge id="EAID_DL000013_5D7E_4bf0_87FC_0E0B858F0259" bpmnElement="EAID_287B3C8B_D6C0_4cfc_90B3_9E9B39728C09">
				<di:waypoint x="1240" y="126"/>
				<di:waypoint x="1321" y="126"/>
				<bpmndi:BPMNLabel id="EAID_LBL000000_D6C0_4cfc_90B3_9E9B39728C09" labelStyle="EAID_LS000000_5D7E_4bf0_87FC_0E0B858F0259">
					<dc:Bounds x="1305" y="108" width="14" height="14"/>
				</bpmndi:BPMNLabel>
			</bpmndi:BPMNEdge>
			<bpmndi:BPMNEdge id="EAID_DL000014_5D7E_4bf0_87FC_0E0B858F0259" bpmnElement="EAID_9346A126_D8C2_4518_AD48_6D7EE95F4FCC">
				<di:waypoint x="1431" y="117"/>
				<di:waypoint x="1504" y="117"/>
			</bpmndi:BPMNEdge>
			<bpmndi:BPMNEdge id="EAID_DL000015_5D7E_4bf0_87FC_0E0B858F0259" bpmnElement="EAID_E5DDAED8_E030_4f46_BA9F_E3836D3FC28E">
				<di:waypoint x="1519" y="132"/>
				<di:waypoint x="1519" y="346"/>
			</bpmndi:BPMNEdge>
			<bpmndi:BPMNEdge id="EAID_DL000016_5D7E_4bf0_87FC_0E0B858F0259" bpmnElement="EAID_1BB36727_50FB_4bb2_B7B8_39E2AF9A597B">
				<di:waypoint x="1465" y="376"/>
				<di:waypoint x="1348" y="376"/>
			</bpmndi:BPMNEdge>
			<bpmndi:BPMNEdge id="EAID_DL000017_5D7E_4bf0_87FC_0E0B858F0259" bpmnElement="EAID_786109B0_7538_4877_9C9A_03027CD6987F">
				<di:waypoint x="1238" y="376"/>
				<di:waypoint x="1141" y="376"/>
			</bpmndi:BPMNEdge>
			<bpmndi:BPMNEdge id="EAID_DL000018_5D7E_4bf0_87FC_0E0B858F0259" bpmnElement="EAID_963BBF82_D83A_48a2_9D24_5740406AA316">
				<di:waypoint x="1111" y="376"/>
				<di:waypoint x="1037" y="376"/>
			</bpmndi:BPMNEdge>
			<bpmndi:BPMNEdge id="EAID_DL000019_5D7E_4bf0_87FC_0E0B858F0259" bpmnElement="EAID_220EE1D8_174C_42f6_B5D4_3894338C108C">
				<di:waypoint x="927" y="376"/>
				<di:waypoint x="845" y="376"/>
			</bpmndi:BPMNEdge>
			<bpmndi:BPMNEdge id="EAID_DL000020_5D7E_4bf0_87FC_0E0B858F0259" bpmnElement="EAID_B81B8D44_298C_4cea_A264_7A0198F50383">
				<di:waypoint x="803" y="376"/>
				<di:waypoint x="692" y="376"/>
				<bpmndi:BPMNLabel id="EAID_LBL000000_298C_4cea_A264_7A0198F50383" labelStyle="EAID_LS000000_5D7E_4bf0_87FC_0E0B858F0259">
					<dc:Bounds x="695" y="358" width="14" height="14"/>
				</bpmndi:BPMNLabel>
			</bpmndi:BPMNEdge>
			<bpmndi:BPMNEdge id="EAID_DL000021_5D7E_4bf0_87FC_0E0B858F0259" bpmnElement="EAID_38B97503_DCE4_4760_B838_A5DB93B924FC">
				<di:waypoint x="824" y="355"/>
				<di:waypoint x="824" y="313"/>
				<di:waypoint x="1497" y="313"/>
				<di:waypoint x="1497" y="346"/>
				<bpmndi:BPMNLabel id="EAID_LBL000000_DCE4_4760_B838_A5DB93B924FC" labelStyle="EAID_LS000000_5D7E_4bf0_87FC_0E0B858F0259">
					<dc:Bounds x="1476" y="328" width="14" height="14"/>
				</bpmndi:BPMNLabel>
			</bpmndi:BPMNEdge>
		</bpmndi:BPMNPlane>
		<bpmndi:BPMNLabelStyle id="EAID_LS000000_5D7E_4bf0_87FC_0E0B858F0259">
			<dc:Font name="Calibri" size="8" isBold="false" isItalic="false" isUnderline="false" isStrikeThrough="false"/>
		</bpmndi:BPMNLabelStyle>
	</bpmndi:BPMNDiagram>
</bpmn:definitions>